المنطقة,الشهر,تصنيف العقار,2018,2018,2018,2019,2019,2019,2020,2020,2020,2021,2021,2021
المنطقة,الشهر,تصنيف العقار,السعر بالريال السعودي,المساحة بالمتر المربع,عدد الصفقات,السعر بالريال السعودي,المساحة بالمتر المربع,عدد الصفقات,السعر بالريال السعودي,المساحة بالمتر المربع,عدد الصفقات,السعر بالريال السعودي,المساحة بالمتر المربع,عدد الصفقات
منطقة الرياض,جميع الشهور,جميع التصانيف,"56,103,746,398","416,094,066.72","67,651","75,865,204,992","372,263,307.30","104,545","74,120,357,625","560,217,624.08","91,258","37,049,988,037","510,055,296.81","40,459"
منطقة الرياض,يناير,جميع التصانيف,"6,771,745,334","39,017,555.05","5,076","7,605,987,547","40,481,058.54","10,419","6,132,509,960","44,754,046.35","9,413","7,238,602,125","88,373,998.98","9,747"
منطقة الرياض,يناير,سكني,"2,772,299,780","6,720,570.10","4,337","4,647,359,746","6,312,365.29","9,511","4,655,710,017","8,776,906.92","8,545","4,332,288,560","6,069,471.27","7,894"
منطقة الرياض,يناير,تجاري,"3,810,875,406","7,774,811.28",396,"2,686,300,342","5,730,984.15",601,"1,225,314,693","1,081,062.68",586,"2,105,925,725","1,786,351.34",769
منطقة الرياض,يناير,زراعي,"188,570,148","24,522,173.67",343,"272,327,459","28,437,709.10",307,"251,485,250","34,896,076.75",282,"800,387,840","80,518,176.37","1,084"
منطقة الرياض,فبراير,جميع التصانيف,"4,609,225,251","32,865,100.34","5,401","5,942,101,357","31,614,861.59","10,226","6,659,804,073","52,401,022.71","10,437","8,857,536,230","122,425,340.34","11,931"
منطقة الرياض,فبراير,سكني,"3,107,495,689","3,053,794.62","4,610","4,820,287,570","6,471,479.44","9,406","4,836,862,022","6,554,988.42","9,384","5,733,703,353","9,004,360.56","9,723"
منطقة الرياض,فبراير,تجاري,"1,220,082,003","1,781,064.13",365,"1,017,613,005","2,835,203.81",582,"1,500,775,785","3,490,267.14",656,"2,285,794,361","1,389,122.60",874
منطقة الرياض,فبراير,زراعي,"279,577,156","28,029,776.09",425,"103,610,782","22,306,358.34",236,"322,166,266","42,355,767.15",397,"838,038,516","112,031,857.18","1,334"
منطقة الرياض,فبراير,صناعي,"2,070,403",465.50,1,"590,000","1,820.00",2,,,,,,
منطقة الرياض,مارس,جميع التصانيف,"4,078,660,824","22,259,822.31","5,902","8,444,476,361","41,987,051.20","9,531","4,728,951,444","14,355,099.01","6,693","15,104,628,675","201,827,181.29","12,895"
منطقة الرياض,مارس,سكني,"3,246,521,599","5,039,891.08","5,220","6,351,218,871","8,186,468.51","8,618","3,460,066,835","3,967,494.23","6,039","9,732,589,978","21,463,517.48","10,384"
منطقة الرياض,مارس,تجاري,"706,017,190","482,925.83",349,"1,968,242,117","5,253,876.90",604,"1,184,677,997","756,132.14",427,"3,004,251,417","3,572,668.87",922
منطقة الرياض,مارس,زراعي,"126,122,035","16,737,005.40",333,"125,015,373","28,546,705.80",309,"84,206,612","9,631,472.64",227,"2,367,637,280","176,790,244.94","1,588"
منطقة الرياض,مارس,صناعي,,,,,,,,,,"150,000",750.00,1
منطقة الرياض,ابريل,جميع التصانيف,"4,844,769,506","44,135,755.98","6,438","6,187,132,813","35,142,732.66","8,336","1,361,264,418","894,294.35","1,670","5,849,221,007","97,428,776.20","5,886"
منطقة الرياض,ابريل,سكني,"3,684,873,564","4,059,352.59","5,634","4,645,044,981","5,122,896.01","7,494","1,209,059,124","792,682.68","1,570","3,264,033,724","5,794,986.28","4,547"
منطقة الرياض,ابريل,تجاري,"1,036,708,290","1,942,051.47",350,"1,286,629,535","1,404,805.09",561,"136,865,005","64,004.62",77,"1,934,763,681","2,846,337.79",545
منطقة الرياض,ابريل,زراعي,"123,187,652","38,134,351.92",454,"255,308,297","28,614,121.56",280,"15,340,289","37,607.05",23,"650,423,602","88,787,452.14",794
منطقة الرياض,ابريل,صناعي,,,,"150,000",910.00,1,,,,,,
منطقة الرياض,مايو,جميع التصانيف,"4,952,571,837","53,317,297.11","5,933","5,337,794,453","30,270,208.38","5,930","2,201,568,969","3,148,583.51","1,799",,,
منطقة الرياض,مايو,سكني,"3,368,534,728","4,686,502.90","5,136","3,696,602,147","4,436,429.29","5,322","1,641,312,250","1,894,821.17","1,661",,,
منطقة الرياض,مايو,تجاري,"1,361,810,996","4,379,763.12",402,"1,551,303,602","4,339,511.75",431,"398,690,819","834,438.71",102,,,
منطقة الرياض,مايو,زراعي,"219,726,113","44,250,565.59",394,"89,838,704","21,493,767.34",176,"161,565,900","419,323.63",36,,,
منطقة الرياض,مايو,صناعي,"2,500,000",465.50,1,"50,000",500.00,1,,,,,,
منطقة الرياض,يونيو,جميع التصانيف,"1,829,838,212","10,453,987.92","2,057","3,243,562,059","20,821,105.93","4,725","15,291,144,806","62,616,438.46","11,499",,,
منطقة الرياض,يونيو,سكني,"1,089,868,121","1,892,172.92","1,758","2,300,961,746","2,820,618.81","4,223","8,365,330,346","7,426,985.07","9,142",,,
منطقة الرياض,يونيو,تجاري,"688,365,239","2,547,082.59",139,"789,924,615","1,271,378.61",360,"5,533,134,898","4,778,642.64","1,057",,,
منطقة الرياض,يونيو,زراعي,"51,604,852","6,014,732.40",160,"152,675,698","16,729,108.52",142,"1,389,959,562","50,400,060.75","1,294",,,
منطقة الرياض,يونيو,صناعي,,,,,,,"2,720,000","10,750.00",6,,,
منطقة الرياض,يوليو,جميع التصانيف,"4,751,562,951","32,467,381.04","5,317","7,114,158,345","40,749,084.57","10,583","3,273,064,447","33,014,414.62","5,782",,,
منطقة الرياض,يوليو,سكني,"2,621,517,919","4,420,356.54","4,595","4,937,958,610","7,309,424.41","9,564","2,099,634,620","4,055,278.06","4,633",,,
منطقة الرياض,يوليو,تجاري,"1,080,647,743","764,339.06",362,"1,999,540,580","2,798,697.60",715,"852,147,831","720,137.57",436,,,
منطقة الرياض,يوليو,زراعي,"1,049,397,289","27,282,685.44",360,"176,659,155","30,640,962.56",304,"321,281,996","28,238,998.99",713,,,
منطقة الرياض,اوغسطس,جميع التصانيف,"2,371,325,389","24,188,927.45","3,161","4,131,608,791","15,032,416.88","7,365","3,428,475,327","43,927,424.39","6,122",,,
منطقة الرياض,اوغسطس,سكني,"1,265,959,418","1,919,210.86","2,697","3,077,843,520","4,683,904.96","6,687","2,149,369,553","3,664,669.46","4,882",,,
منطقة الرياض,اوغسطس,تجاري,"1,034,164,342","585,949.51",233,"983,240,048","688,205.99",472,"810,182,692","706,409.15",445,,,
منطقة الرياض,اوغسطس,زراعي,"71,201,629","21,683,767.08",231,"70,525,223","9,660,305.94",206,"468,923,082","39,556,345.78",795,,,
منطقة الرياض,سبتمبر,جميع التصانيف,"2,618,948,515","30,314,716.45","4,793","7,920,306,133","26,199,886.17","10,382","6,350,573,621","56,092,202.42","8,608",,,
منطقة الرياض,سبتمبر,سكني,"2,077,070,386","2,828,661.08","4,152","6,225,847,261","8,165,311.52","9,500","4,453,466,645","5,952,542.24","7,215",,,
منطقة الرياض,سبتمبر,تجاري,"474,164,528","569,242.98",359,"1,437,922,353","1,248,937.84",620,"1,494,418,803","1,057,490.57",611,,,
منطقة الرياض,سبتمبر,زراعي,"67,713,601","26,916,812.39",282,"252,750,644","16,778,945.88",260,"402,688,173","49,082,169.61",782,,,
منطقة الرياض,سبتمبر,صناعي,,,,"3,785,875","6,690.94",2,,,,,,
منطقة الرياض,اكتوبر,جميع التصانيف,"5,183,951,842","46,440,762.52","7,059","7,380,277,894","43,301,414.97","10,741","6,881,352,247","70,871,400.28","8,761",,,
منطقة الرياض,اكتوبر,سكني,"3,214,560,020","4,446,522.81","6,232","5,920,079,853","10,490,736.41","9,741","3,748,065,819","5,283,973.18","7,338",,,
منطقة الرياض,اكتوبر,تجاري,"1,438,207,165","2,545,179.08",448,"1,341,156,422","1,399,314.10",675,"2,776,410,041","6,145,644.30",647,,,
منطقة الرياض,اكتوبر,زراعي,"531,184,657","39,449,060.63",379,"119,041,619","31,411,364.46",325,"356,876,387","59,441,782.81",776,,,
منطقة الرياض,نوفمبر,جميع التصانيف,"7,421,216,846","52,739,934.71","7,160","5,812,665,257","18,278,602.01","7,624","10,329,149,626","94,853,422.94","10,717",,,
منطقة الرياض,نوفمبر,سكني,"3,347,349,309","4,307,194.55","6,403","4,296,131,751","4,854,718.56","6,874","4,739,789,924","7,453,864.46","8,790",,,
منطقة الرياض,نوفمبر,تجاري,"3,843,501,722","9,328,370.54",483,"1,397,171,420","1,179,922.91",527,"4,829,159,040","15,287,093.22",754,,,
منطقة الرياض,نوفمبر,زراعي,"230,365,815","39,104,369.62",274,"119,362,086","12,243,960.55",223,"760,053,662","72,111,965.26","1,172",,,
منطقة الرياض,نوفمبر,صناعي,,,,,,,"147,000",500.00,1,,,
منطقة الرياض,ديسمبر,جميع التصانيف,"6,669,929,891","27,892,825.83","9,354","6,745,133,982","28,384,884.39","8,683","7,482,498,687","83,289,275.05","9,757",,,
منطقة الرياض,ديسمبر,سكني,"4,754,615,069","6,350,288.91","8,582","4,534,062,294","5,206,465.12","7,781","4,248,054,941","5,827,267.01","7,684",,,
منطقة الرياض,ديسمبر,تجاري,"1,408,401,447","1,391,188.03",552,"2,087,881,308","1,589,963.17",615,"2,208,347,806","2,340,618.32",802,,,
منطقة الرياض,ديسمبر,زراعي,"506,913,375","20,151,348.89",220,"123,190,380","21,588,456.10",287,"1,025,895,940","75,120,975.65","1,270",,,
منطقة الرياض,ديسمبر,صناعي,,,,,,,"200,000",414.07,1,,,
منطقة مكة المكرمة,جميع الشهور,جميع التصانيف,"34,170,712,914","35,749,802.88","33,031","38,052,381,009","44,299,421.63","49,352","39,574,265,764","49,548,493.81","49,934","15,729,739,253","18,527,940.81","19,801"
منطقة مكة المكرمة,يناير,جميع التصانيف,"2,320,209,759","2,900,312.79","2,830","3,889,679,199","6,304,008.28","4,812","4,269,210,801","4,066,983.49","5,002","3,986,454,525","4,765,966.69","5,259"
منطقة مكة المكرمة,يناير,سكني,"1,904,567,660","1,500,771.03","2,581","3,255,868,053","5,432,618.79","4,390","3,481,908,192","2,832,424.74","4,461","2,997,416,008","3,190,917.01","4,434"
منطقة مكة المكرمة,يناير,تجاري,"387,048,099","215,531.49",217,"628,326,726","388,872.93",406,"785,372,109","954,743.14",528,"846,423,720","979,913.68",609
منطقة مكة المكرمة,يناير,زراعي,"28,594,000","1,184,010.27",32,"5,484,420","482,516.56",16,"1,505,000","279,315.61",12,"142,614,797","595,136.00",216
منطقة مكة المكرمة,يناير,صناعي,,,,,,,"425,500",500.00,1,,,
منطقة مكة المكرمة,فبراير,جميع التصانيف,"2,490,000,126","1,996,898.52","2,735","3,635,106,753","6,282,221.34","4,203","4,766,498,958","5,768,595.51","5,210","4,267,630,456","5,031,738.40","5,672"
منطقة مكة المكرمة,فبراير,سكني,"2,033,567,950","1,405,133.65","2,454","2,487,272,974","2,562,933.90","3,773","3,476,881,435","3,597,109.23","4,678","3,098,243,994","3,444,876.11","4,703"
منطقة مكة المكرمة,فبراير,تجاري,"440,176,500","306,384.45",233,"1,054,106,650","2,206,325.36",400,"1,271,767,023","1,653,290.56",513,"986,725,464","823,151.68",725
منطقة مكة المكرمة,فبراير,زراعي,"16,255,676","285,380.42",48,"93,727,129","1,512,962.09",30,"17,850,500","518,195.73",19,"181,660,998","763,095.61",243
منطقة مكة المكرمة,فبراير,صناعي,,,,,,,,,,"1,000,000",615.00,1
منطقة مكة المكرمة,مارس,جميع التصانيف,"2,406,251,948","2,444,652.86","3,084","3,544,864,524","3,597,895.65","4,190","2,259,432,122","6,988,562.87","3,574","5,263,497,162","5,838,759.27","5,945"
منطقة مكة المكرمة,مارس,سكني,"2,128,527,097","1,507,136.69","2,783","3,002,276,410","2,212,813.94","3,825","1,849,247,228","6,400,285.86","3,217","3,153,145,902","3,522,200.80","4,883"
منطقة مكة المكرمة,مارس,تجاري,"269,430,576","183,735.97",260,"524,413,068","315,228.74",350,"396,844,794","323,764.15",342,"1,882,606,814","947,105.52",718
منطقة مكة المكرمة,مارس,زراعي,"8,294,275","753,780.21",41,"18,175,046","1,069,852.97",15,"13,340,100","264,512.86",15,"226,744,446","1,368,847.95",343
منطقة مكة المكرمة,مارس,صناعي,,,,,,,,,,"1,000,000",605.00,1
منطقة مكة المكرمة,ابريل,جميع التصانيف,"2,886,501,447","2,588,751.11","3,107","3,104,947,861","2,701,312.78","4,121","501,227,699","329,270.16",685,"2,212,157,110","2,891,476.46","2,925"
منطقة مكة المكرمة,ابريل,سكني,"2,395,966,107","1,902,097.94","2,813","2,649,371,062","2,189,221.21","3,781","435,734,438","295,644.89",627,"1,621,188,171","1,960,785.21","2,332"
منطقة مكة المكرمة,ابريل,تجاري,"479,853,088","267,641.75",276,"453,877,454","323,940.77",329,"48,578,671","28,110.31",37,"477,963,128","376,502.55",383
منطقة مكة المكرمة,ابريل,زراعي,"10,682,252","419,011.41",18,"1,699,345","188,150.80",11,"16,914,590","5,514.96",21,"113,005,811","554,188.70",210
منطقة مكة المكرمة,مايو,جميع التصانيف,"2,281,605,700","2,171,818.71","2,457","3,096,446,936","2,438,488.95","2,860","918,896,058","454,670.92",901,,,
منطقة مكة المكرمة,مايو,سكني,"1,765,915,070","1,275,925.78","2,210","1,785,020,686","1,414,388.08","2,578","832,435,663","387,601.40",802,,,
منطقة مكة المكرمة,مايو,تجاري,"423,183,630","234,251.01",231,"1,307,808,250","262,713.30",268,"79,614,917","65,160.30",91,,,
منطقة مكة المكرمة,مايو,زراعي,"92,507,000","661,641.92",16,"3,618,000","761,387.58",14,"6,845,478","1,909.22",8,,,
منطقة مكة المكرمة,يونيو,جميع التصانيف,"4,809,232,797","3,641,806.29",837,"2,163,924,580","1,768,140.77","2,389","7,872,601,453","6,375,800.43","6,840",,,
منطقة مكة المكرمة,يونيو,سكني,"2,886,861,978","394,675.00",747,"1,937,708,649","1,554,960.24","2,183","6,101,466,843","3,680,964.63","6,027",,,
منطقة مكة المكرمة,يونيو,تجاري,"1,912,670,486","3,194,129.10",85,"224,475,931","184,554.85",202,"1,725,515,558","2,284,039.89",728,,,
منطقة مكة المكرمة,يونيو,زراعي,"9,700,333","53,002.19",5,"1,740,000","28,625.68",4,"44,623,367","409,565.91",83,,,
منطقة مكة المكرمة,يونيو,صناعي,,,,,,,"995,685","1,230.00",2,,,
منطقة مكة المكرمة,يوليو,جميع التصانيف,"2,274,400,256","2,224,105.36","2,863","3,237,830,667","3,734,034.32","4,566","2,093,719,470","3,600,280.02","4,152",,,
منطقة مكة المكرمة,يوليو,سكني,"1,722,923,329","1,565,271.28","2,587","2,523,167,577","2,520,448.52","4,120","1,788,523,740","2,356,411.65","3,793",,,
منطقة مكة المكرمة,يوليو,تجاري,"543,156,841","525,786.24",254,"655,990,590","453,954.59",428,"257,929,892","255,862.85",278,,,
منطقة مكة المكرمة,يوليو,زراعي,"8,320,086","133,047.84",22,"58,672,500","759,631.21",18,"45,965,838","985,545.53",77,,,
منطقة مكة المكرمة,يوليو,صناعي,,,,,,,"1,300,000","2,460.00",4,,,
منطقة مكة المكرمة,اوغسطس,جميع التصانيف,"1,814,843,755","3,194,012.59","1,564","2,220,089,388","1,903,096.41","2,854","1,880,572,577","2,860,139.24","3,511",,,
منطقة مكة المكرمة,اوغسطس,سكني,"1,151,204,349","774,391.59","1,392","1,694,092,380","1,527,231.62","2,551","1,510,986,915","2,068,925.94","3,070",,,
منطقة مكة المكرمة,اوغسطس,تجاري,"632,808,406","2,168,278.11",158,"522,819,980","262,238.97",296,"301,940,932","361,799.04",332,,,
منطقة مكة المكرمة,اوغسطس,زراعي,"30,831,000","251,342.89",14,"3,177,028","113,625.82",7,"67,344,730","428,623.68",108,,,
منطقة مكة المكرمة,اوغسطس,صناعي,,,,,,,"300,000",790.58,1,,,
منطقة مكة المكرمة,سبتمبر,جميع التصانيف,"2,629,737,132","3,969,724.76","2,321","3,156,162,292","4,029,463.09","5,398","3,704,656,653","4,569,757.91","4,618",,,
منطقة مكة المكرمة,سبتمبر,سكني,"1,731,623,628","1,263,850.68","2,095","2,598,531,595","2,960,689.12","4,878","2,697,983,384","3,552,496.91","3,979",,,
منطقة مكة المكرمة,سبتمبر,تجاري,"859,135,941","1,395,761.83",201,"545,002,008","415,024.35",505,"929,947,047","580,781.16",461,,,
منطقة مكة المكرمة,سبتمبر,زراعي,"38,977,563","1,310,112.25",25,"12,628,689","653,749.62",15,"76,126,222","435,269.84",176,,,
منطقة مكة المكرمة,سبتمبر,صناعي,,,,,,,"600,000","1,210.00",2,,,
منطقة مكة المكرمة,اكتوبر,جميع التصانيف,"2,924,829,272","2,799,169.18","3,278","3,914,701,647","4,579,284.65","5,774","3,406,881,436","4,080,711.79","4,615",,,
منطقة مكة المكرمة,اكتوبر,سكني,"2,315,533,635","1,786,155.70","2,916","3,379,600,277","3,306,476.84","5,164","2,411,501,594","2,945,005.28","3,946",,,
منطقة مكة المكرمة,اكتوبر,تجاري,"592,190,772","332,655.73",340,"526,659,370","499,983.32",582,"915,848,664","711,931.27",531,,,
منطقة مكة المكرمة,اكتوبر,زراعي,"17,104,865","680,357.76",22,"8,442,000","772,824.49",28,"79,531,178","423,775.24",138,,,
منطقة مكة المكرمة,نوفمبر,جميع التصانيف,"2,828,683,005","4,293,131.73","3,494","2,736,937,064","3,293,191.98","4,037","4,144,426,466","5,809,217.69","5,515",,,
منطقة مكة المكرمة,نوفمبر,سكني,"2,218,219,493","1,770,961.71","3,147","2,363,073,583","2,591,260.62","3,658","2,996,587,302","3,505,425.11","4,684",,,
منطقة مكة المكرمة,نوفمبر,تجاري,"488,405,374","302,140.17",326,"371,200,481","336,689.36",365,"1,053,848,302","1,959,255.05",640,,,
منطقة مكة المكرمة,نوفمبر,زراعي,"122,058,138","2,220,029.85",21,"2,663,000","365,242.00",14,"93,442,611","343,932.53",190,,,
منطقة مكة المكرمة,نوفمبر,صناعي,,,,,,,"548,251",605.00,1,,,
منطقة مكة المكرمة,ديسمبر,جميع التصانيف,"4,504,417,717","3,525,418.99","4,461","3,351,690,098","3,668,283.40","4,148","3,756,142,071","4,644,503.78","5,311",,,
منطقة مكة المكرمة,ديسمبر,سكني,"3,854,974,450","2,275,730.99","4,009","2,255,270,046","2,180,563.34","3,720","2,679,221,908","3,162,221.93","4,429",,,
منطقة مكة المكرمة,ديسمبر,تجاري,"646,013,267","393,724.45",437,"1,081,876,052","637,931.73",418,"937,411,944","716,973.22",666,,,
منطقة مكة المكرمة,ديسمبر,زراعي,"3,430,000","855,963.55",15,"14,544,000","849,788.34",10,"139,508,219","765,308.63",216,,,
منطقة المدينة المنورة,جميع الشهور,جميع التصانيف,"7,893,630,230","23,070,118.81","10,797","10,393,695,373","23,058,676.46","15,322","6,207,368,702","14,712,851.63","10,740","2,490,483,355","26,903,076.62","4,418"
منطقة المدينة المنورة,يناير,جميع التصانيف,"751,698,344","2,636,167.24",925,"773,621,028","2,129,028.91","1,546","686,211,580","1,138,774.19","1,197","478,603,246","3,197,132.81","1,000"
منطقة المدينة المنورة,يناير,سكني,"580,265,431","618,112.25",722,"603,363,098","869,780.33","1,376","605,049,251","632,740.04","1,067","369,734,223","537,596.62",828
منطقة المدينة المنورة,يناير,تجاري,"144,755,715","157,345.86",141,"129,292,936","112,299.73",143,"76,022,329","89,840.11",120,"76,780,323","75,788.51",111
منطقة المدينة المنورة,يناير,زراعي,"26,677,198","1,860,709.14",62,"40,964,994","1,146,948.85",27,"5,140,000","416,194.04",10,"32,088,700","2,583,747.68",61
منطقة المدينة المنورة,فبراير,جميع التصانيف,"1,163,896,991","2,779,851.16","1,144","904,002,182","2,068,457.64","1,363","823,752,492","1,546,827.31","1,423","730,431,510","4,601,473.03","1,248"
منطقة المدينة المنورة,فبراير,سكني,"593,444,361","755,638.58",965,"532,198,657","710,209.86","1,224","689,054,387","722,054.96","1,282","511,458,474","656,491.58","1,008"
منطقة المدينة المنورة,فبراير,تجاري,"555,428,630","109,978.19",102,"335,011,744","156,271.46",119,"130,965,686","95,971.24",128,"156,652,609","130,419.14",159
منطقة المدينة المنورة,فبراير,زراعي,"15,024,000","1,914,234.39",77,"36,791,781","1,201,976.32",20,"3,732,419","728,801.12",13,"62,320,427","3,814,562.31",81
منطقة المدينة المنورة,مارس,جميع التصانيف,"677,293,390","2,367,319.01",957,"718,288,316","1,930,441.11","1,490","439,263,781","444,940.97",732,"811,813,126","4,233,529.68","1,500"
منطقة المدينة المنورة,مارس,سكني,"484,673,364","492,371.86",815,"557,363,851","905,796.22","1,337","334,827,034","355,963.85",669,"648,359,864","1,117,255.48","1,289"
منطقة المدينة المنورة,مارس,تجاري,"177,077,101","1,154,154.04",90,"146,193,022","162,575.98",134,"103,086,747","35,233.78",60,"131,526,216","264,664.31",129
منطقة المدينة المنورة,مارس,زراعي,"15,542,925","720,793.11",52,"14,731,443","862,068.91",19,"1,350,000","53,743.33",3,"31,927,046","2,851,609.90",82
منطقة المدينة المنورة,ابريل,جميع التصانيف,"881,346,082","1,389,860.21",875,"1,027,267,709","1,520,300.80","1,369","3,953,500","9,918.17",17,"469,635,473","14,870,941.10",670
منطقة المدينة المنورة,ابريل,سكني,"493,679,303","548,127.37",752,"754,137,581","735,782.37","1,230","3,858,500","9,366.02",16,"304,434,143","379,347.41",499
منطقة المدينة المنورة,ابريل,تجاري,"374,311,007","98,256.77",82,"105,578,784","129,471.88",124,"95,000",552.15,1,"99,436,335","61,404.00",84
منطقة المدينة المنورة,ابريل,زراعي,"13,355,772","743,476.07",41,"167,551,344","655,046.55",15,,,,"65,764,995","14,430,189.69",87
منطقة المدينة المنورة,مايو,جميع التصانيف,"522,736,349","1,207,469.54",770,"652,126,602","1,120,299.21","1,020","11,517,967","13,226.19",22,,,
منطقة المدينة المنورة,مايو,سكني,"364,366,484","342,715.97",622,"532,965,314","645,033.27",889,"11,517,967","13,226.19",22,,,
منطقة المدينة المنورة,مايو,تجاري,"75,033,633","93,914.33",72,"104,310,839","85,492.98",115,,,,,,
منطقة المدينة المنورة,مايو,زراعي,"83,336,232","770,839.24",76,"14,850,449","389,772.97",16,,,,,,
منطقة المدينة المنورة,يونيو,جميع التصانيف,"243,317,939","1,515,631.28",306,"609,558,273","876,404.46",894,"1,332,286,601","1,220,454.70","1,616",,,
منطقة المدينة المنورة,يونيو,سكني,"214,030,775","197,515.89",255,"520,044,098","530,949.32",810,"1,024,184,224","778,200.21","1,424",,,
منطقة المدينة المنورة,يونيو,تجاري,"16,048,164","23,106.31",34,"53,370,019","56,998.22",71,"167,551,433","166,163.42",174,,,
منطقة المدينة المنورة,يونيو,زراعي,"13,239,000","1,295,009.08",17,"36,144,156","288,456.92",13,"140,550,944","276,091.07",18,,,
منطقة المدينة المنورة,يوليو,جميع التصانيف,"532,084,797","1,837,388.90",835,"1,028,358,126","5,856,302.47","1,704","241,463,120","1,108,561.44",685,,,
منطقة المدينة المنورة,يوليو,سكني,"413,006,709","721,567.27",693,"882,557,918","1,141,380.18","1,541","209,739,745","381,496.41",594,,,
منطقة المدينة المنورة,يوليو,تجاري,"101,375,521","74,198.21",106,"108,647,775","184,589.54",136,"25,425,875","49,442.83",69,,,
منطقة المدينة المنورة,يوليو,زراعي,"17,702,567","1,041,623.42",36,"37,152,433","4,530,332.75",27,"6,297,500","677,622.20",22,,,
منطقة المدينة المنورة,اوغسطس,جميع التصانيف,"290,640,210","752,677.28",589,"576,199,746","998,643.30","1,144","376,916,005","953,058.64",828,,,
منطقة المدينة المنورة,اوغسطس,سكني,"237,572,431","299,537.65",492,"483,874,112","609,178.79","1,037","323,654,265","406,156.30",708,,,
منطقة المدينة المنورة,اوغسطس,تجاري,"49,884,779","59,827.22",74,"90,475,634","182,870.75",100,"44,895,240","57,345.03",86,,,
منطقة المدينة المنورة,اوغسطس,زراعي,"3,183,000","393,312.41",23,"1,850,000","206,593.75",7,"8,366,500","489,557.32",34,,,
منطقة المدينة المنورة,سبتمبر,جميع التصانيف,"653,293,385","2,199,989.73",891,"1,938,649,608","1,942,969.78","1,682","439,045,046","1,656,369.31","1,013",,,
منطقة المدينة المنورة,سبتمبر,سكني,"425,698,268","526,999.31",770,"1,120,630,859","961,395.73","1,557","375,585,711","566,904.33",890,,,
منطقة المدينة المنورة,سبتمبر,تجاري,"193,665,317","63,716.51",76,"762,464,166","353,642.62",112,"61,330,835","70,195.86",106,,,
منطقة المدينة المنورة,سبتمبر,زراعي,"33,929,800","1,609,273.92",45,"55,554,583","627,931.43",13,"2,128,500","1,019,269.11",17,,,
منطقة المدينة المنورة,اكتوبر,جميع التصانيف,"610,180,969","1,399,247.15","1,043","655,218,107","1,699,733.69","1,168","443,478,142","1,660,311.31",965,,,
منطقة المدينة المنورة,اكتوبر,سكني,"505,598,445","501,929.12",872,"539,609,321","578,795.54","1,045","334,128,716","513,891.00",804,,,
منطقة المدينة المنورة,اكتوبر,تجاري,"85,427,924","103,882.68",131,"83,537,012","210,247.08",110,"91,014,575","86,458.11",125,,,
منطقة المدينة المنورة,اكتوبر,زراعي,"19,154,600","793,435.35",40,"32,071,774","910,691.07",13,"18,334,851","1,059,962.20",36,,,
منطقة المدينة المنورة,نوفمبر,جميع التصانيف,"617,778,462","2,756,470.38","1,085","708,730,177","1,801,817.53",855,"802,570,623","2,676,199.26","1,171",,,
منطقة المدينة المنورة,نوفمبر,سكني,"459,234,083","543,827.73",951,"554,952,726","441,764.05",784,"603,907,491","1,089,875.02",989,,,
منطقة المدينة المنورة,نوفمبر,تجاري,"147,999,379","323,822.19",108,"46,523,101","41,859.53",67,"119,890,398","109,231.46",147,,,
منطقة المدينة المنورة,نوفمبر,زراعي,"10,545,000","1,888,820.46",26,"107,254,350","1,318,193.95",4,"78,772,734","1,477,092.78",35,,,
منطقة المدينة المنورة,ديسمبر,جميع التصانيف,"949,363,312","2,228,046.94","1,377","801,675,499","1,114,277.55","1,087","606,909,845","2,284,210.14","1,071",,,
منطقة المدينة المنورة,ديسمبر,سكني,"603,953,419","777,630.04","1,235","521,642,342","617,433.98",987,"441,741,555","557,378.65",878,,,
منطقة المدينة المنورة,ديسمبر,تجاري,"260,287,313","107,912.11",121,"96,683,719","69,289.90",88,"123,391,008","141,166.03",148,,,
منطقة المدينة المنورة,ديسمبر,زراعي,"85,122,580","1,342,504.79",21,"183,349,438","427,553.67",12,"41,777,282","1,585,665.46",45,,,
منطقة القصيم,جميع الشهور,جميع التصانيف,"5,665,379,427","149,544,208.22","18,855","6,606,285,714","146,087,177.76","28,378","7,403,037,973","269,993,304.56","29,049","2,556,739,533","151,264,879.93","10,724"
منطقة القصيم,يناير,جميع التصانيف,"550,839,657","19,028,630.64","1,555","567,545,058","10,411,603.10","2,206","661,615,434","13,600,210.80","2,709","510,996,008","37,153,073.59","2,336"
منطقة القصيم,يناير,سكني,"337,426,085","2,998,747.53","1,268","491,050,929","2,250,040.59","1,978","551,655,893","1,865,562.97","2,474","373,023,439","2,002,802.00","1,974"
منطقة القصيم,يناير,تجاري,"59,369,395","1,716,051.43",128,"59,604,091","350,277.02",164,"88,381,444","1,417,577.30",180,"83,215,680","1,542,305.30",233
منطقة القصيم,يناير,زراعي,"154,044,177","14,313,831.69",159,"16,890,038","7,811,285.49",64,"21,578,097","10,317,070.54",55,"54,756,889","33,607,966.29",129
منطقة القصيم,فبراير,جميع التصانيف,"438,282,367","8,308,046.77","1,647","493,305,881","6,847,771.02","2,077","823,689,005","17,329,861.09","3,126","689,589,963","43,044,516.91","2,814"
منطقة القصيم,فبراير,سكني,"353,912,172","928,650.23","1,391","389,888,815","1,485,178.46","1,839","594,002,055","1,799,492.11","2,770","478,285,706","1,892,387.41","2,399"
منطقة القصيم,فبراير,تجاري,"58,802,312","1,047,201.23",138,"86,778,769","230,604.63",174,"185,319,510","348,825.35",291,"105,455,914","500,480.96",278
منطقة القصيم,فبراير,زراعي,"25,567,883","6,332,195.32",118,"16,638,297","5,131,987.93",64,"44,367,440","15,181,543.63",65,"105,848,343","40,651,648.54",137
منطقة القصيم,مارس,جميع التصانيف,"517,406,084","13,827,610.25","1,656","527,885,453","19,267,043.72","2,408","495,603,141","9,282,986.96","1,782","913,807,505","42,929,450.54","3,728"
منطقة القصيم,مارس,سكني,"376,346,478","1,144,207.50","1,408","426,450,938","3,152,397.40","2,152","427,659,731","1,053,351.62","1,598","609,071,626","2,669,827.50","3,226"
منطقة القصيم,مارس,تجاري,"54,673,825","864,353.51",119,"87,077,920","1,713,270.23",186,"57,761,999","324,425.36",157,"147,681,498","5,253,712.47",342
منطقة القصيم,مارس,زراعي,"86,385,781","11,819,049.24",129,"14,356,595","14,401,376.10",70,"10,181,411","7,905,209.98",27,"157,054,381","35,005,910.57",160
منطقة القصيم,ابريل,جميع التصانيف,"478,370,223","25,063,763.11","1,880","680,454,697","11,309,002.22","2,666","350,892,647","427,673.25",765,"442,346,057","28,137,838.89","1,846"
منطقة القصيم,ابريل,سكني,"366,170,734","1,132,154.10","1,567","492,321,216","2,098,895.87","2,399","318,679,981","365,058.65",690,"320,124,063","1,432,504.76","1,542"
منطقة القصيم,ابريل,تجاري,"70,654,052","839,102.00",159,"154,847,987","1,757,621.40",205,"29,911,666","61,627.20",71,"90,802,917","701,849.55",198
منطقة القصيم,ابريل,زراعي,"41,545,437","23,092,507.01",154,"33,285,494","7,452,484.95",62,"2,301,000",987.40,4,"31,419,077","26,003,484.59",106
منطقة القصيم,مايو,جميع التصانيف,"527,257,922","16,825,078.89","1,636","429,445,323","12,374,756.91","1,747","223,069,691","317,740.75",592,,,
منطقة القصيم,مايو,سكني,"367,556,941","969,930.11","1,301","331,427,078","1,853,405.00","1,570","204,499,538","281,716.77",549,,,
منطقة القصيم,مايو,تجاري,"126,481,221","528,174.52",144,"91,209,275","1,510,613.22",127,"16,920,153","31,734.45",39,,,
منطقة القصيم,مايو,زراعي,"33,219,760","15,326,974.26",191,"6,808,970","9,010,738.69",50,"1,650,000","4,289.53",4,,,
منطقة القصيم,يونيو,جميع التصانيف,"202,823,773","2,627,916.81",671,"314,013,609","8,675,579.52","1,544","1,631,347,325","42,691,212.24","6,055",,,
منطقة القصيم,يونيو,سكني,"137,568,127","430,397.77",570,"259,631,635","961,061.69","1,381","1,105,714,023","5,376,571.81","5,252",,,
منطقة القصيم,يونيو,تجاري,"32,597,616","132,048.26",62,"40,273,474","1,008,547.45",118,"337,536,355","12,217,315.89",547,,,
منطقة القصيم,يونيو,زراعي,"32,658,030","2,065,470.78",39,"14,108,500","6,705,970.38",45,"188,096,947","25,097,324.53",256,,,
منطقة القصيم,يوليو,جميع التصانيف,"455,730,190","13,416,256.33","1,704","818,389,509","18,455,473.20","3,100","337,958,645","15,882,751.39","2,206",,,
منطقة القصيم,يوليو,سكني,"335,703,538","1,482,455.84","1,391","526,197,734","1,786,894.72","2,746","279,957,075","1,428,632.40","1,927",,,
منطقة القصيم,يوليو,تجاري,"68,132,269","505,854.28",140,"220,949,103","728,586.62",228,"33,147,248","278,603.67",174,,,
منطقة القصيم,يوليو,زراعي,"51,894,383","11,427,946.22",173,"71,242,672","15,939,991.86",126,"24,854,322","14,175,515.32",105,,,
منطقة القصيم,اوغسطس,جميع التصانيف,"271,272,459","5,185,094.02","1,061","415,771,841","3,985,520.19","1,960","332,829,344","19,936,925.54","2,081",,,
منطقة القصيم,اوغسطس,سكني,"193,019,860","932,904.54",891,"358,756,023","1,132,106.00","1,799","271,805,786","1,259,678.21","1,784",,,
منطقة القصيم,اوغسطس,تجاري,"45,286,064","782,019.35",97,"32,419,667","151,256.22",126,"35,931,224","368,701.29",205,,,
منطقة القصيم,اوغسطس,زراعي,"32,551,535","3,469,564.13",71,"24,596,151","2,702,157.97",35,"25,092,334","18,308,546.04",92,,,
منطقة القصيم,اوغسطس,صناعي,"415,000",606.00,2,,,,,,,,,
منطقة القصيم,سبتمبر,جميع التصانيف,"330,554,211","5,288,622.59","1,506","520,711,731","8,527,986.33","2,525","549,276,962","35,470,305.50","2,387",,,
منطقة القصيم,سبتمبر,سكني,"265,866,867","905,490.50","1,273","465,108,475","1,971,526.18","2,282","404,114,568","2,127,067.69","2,084",,,
منطقة القصيم,سبتمبر,تجاري,"46,863,238","283,367.58",121,"40,525,256","220,069.00",174,"85,166,407","1,453,617.95",186,,,
منطقة القصيم,سبتمبر,زراعي,"17,824,106","4,099,764.51",112,"15,078,000","6,336,391.15",69,"59,995,987","31,889,619.86",117,,,
منطقة القصيم,اكتوبر,جميع التصانيف,"782,339,337","18,023,295.65","2,099","661,974,325","27,156,766.61","3,093","506,604,333","28,665,109.44","2,270",,,
منطقة القصيم,اكتوبر,سكني,"599,065,294","2,484,032.46","1,784","543,850,481","1,696,726.95","2,755","369,449,217","1,783,668.58","1,918",,,
منطقة القصيم,اكتوبر,تجاري,"88,668,975","247,366.90",166,"77,195,884","393,635.74",244,"109,381,516","1,519,538.48",256,,,
منطقة القصيم,اكتوبر,زراعي,"94,605,068","15,291,896.29",149,"40,927,960","25,066,403.92",94,"27,773,600","25,361,902.38",96,,,
منطقة القصيم,نوفمبر,جميع التصانيف,"599,900,979","12,806,412.93","1,545","566,037,053","12,402,277.47","2,604","940,759,660","50,163,232.58","2,844",,,
منطقة القصيم,نوفمبر,سكني,"323,847,226","1,141,716.18","1,353","481,782,019","1,448,822.80","2,368","429,873,552","2,041,296.69","2,423",,,
منطقة القصيم,نوفمبر,تجاري,"214,124,750","645,416.87",107,"51,214,034","235,792.46",178,"440,615,791","2,522,543.00",272,,,
منطقة القصيم,نوفمبر,زراعي,"61,929,003","11,019,279.89",85,"33,041,000","10,717,662.22",58,"70,270,317","45,599,392.89",149,,,
منطقة القصيم,ديسمبر,جميع التصانيف,"510,602,225","9,143,480.24","1,895","610,751,234","6,673,397.46","2,448","549,391,786","36,225,295.03","2,232",,,
منطقة القصيم,ديسمبر,سكني,"375,772,989","994,696.75","1,691","522,756,382","1,674,375.49","2,195","338,931,112","1,540,316.96","1,875",,,
منطقة القصيم,ديسمبر,تجاري,"93,007,097","795,141.22",133,"75,449,148","520,890.53",203,"145,545,303","1,480,584.96",239,,,
منطقة القصيم,ديسمبر,زراعي,"41,822,139","7,353,642.27",71,"12,545,704","4,478,131.43",50,"64,915,371","33,204,393.11",118,,,
المنطقة الشرقية,جميع الشهور,جميع التصانيف,"24,641,744,964","94,870,835.58","34,171","25,041,463,217","86,756,951.13","47,218","26,492,387,954","138,885,119.64","41,948","10,295,577,888","62,967,195.22","16,430"
المنطقة الشرقية,يناير,جميع التصانيف,"3,586,886,915","3,604,457.78","2,679","4,175,198,060","11,779,283.38","4,243","2,480,965,282","8,502,339.45","4,134","2,513,381,530","13,373,967.15","4,357"
المنطقة الشرقية,يناير,سكني,"2,386,451,123","1,483,238.18","2,199","1,622,860,793","4,486,354.58","3,652","1,698,738,099","2,267,132.34","3,441","1,748,121,443","2,234,114.87","3,408"
المنطقة الشرقية,يناير,تجاري,"1,144,339,840","811,100.35",417,"2,512,257,254","1,618,111.05",537,"754,674,983","4,303,638.76",649,"633,822,643","1,395,594.81",759
المنطقة الشرقية,يناير,زراعي,"56,095,952","1,310,119.25",63,"40,080,013","5,674,817.75",54,"27,552,200","1,931,568.35",44,"131,437,444","9,744,257.47",190
المنطقة الشرقية,فبراير,جميع التصانيف,"2,077,158,596","25,979,292.26","2,689","1,750,236,477","8,109,557.33","3,943","2,344,041,150","6,779,547.41","4,779","2,955,267,363","14,584,061.04","4,624"
المنطقة الشرقية,فبراير,سكني,"1,537,560,310","1,350,443.87","2,243","1,459,611,227","2,029,989.55","3,380","1,689,755,779","2,305,027.50","3,858","1,849,471,818","2,285,383.84","3,516"
المنطقة الشرقية,فبراير,تجاري,"492,218,036","15,376,076.86",356,"261,920,276","570,047.99",512,"637,677,371","3,684,913.74",881,"964,883,642","1,217,545.92",898
المنطقة الشرقية,فبراير,زراعي,"47,380,250","9,252,771.54",90,"28,704,974","5,509,519.79",51,"16,608,000","789,606.18",40,"140,911,903","11,081,131.28",210
المنطقة الشرقية,مارس,جميع التصانيف,"2,110,099,301","8,303,568.77","2,973","1,830,480,882","6,606,199.71","4,042","1,718,228,682","12,347,729.02","2,942","3,276,816,371","21,507,637.74","5,072"
المنطقة الشرقية,مارس,سكني,"1,735,154,491","1,437,851.32","2,522","1,376,337,307","1,906,742.90","3,408","1,309,177,379","1,444,100.32","2,410","2,274,353,394","4,491,156.81","3,917"
المنطقة الشرقية,مارس,تجاري,"346,769,561","2,098,460.55",388,"425,455,665","1,005,766.37",586,"380,514,135","478,481.74",489,"736,019,088","1,223,528.14",916
المنطقة الشرقية,مارس,زراعي,"25,675,249","4,762,756.89",62,"28,687,910","3,693,690.44",48,"28,537,168","10,425,146.96",43,"266,443,889","15,792,952.79",239
المنطقة الشرقية,مارس,صناعي,"2,500,000","4,500.00",1,,,,,,,,,
المنطقة الشرقية,ابريل,جميع التصانيف,"2,106,501,138","10,009,483.28","3,124","1,824,345,980","5,273,114.78","3,856","867,885,878","610,004.53","1,103","1,550,112,624","13,501,529.29","2,377"
المنطقة الشرقية,ابريل,سكني,"1,409,428,887","1,551,607.06","2,637","1,352,006,522","1,933,785.37","3,264","716,634,485","503,864.84",918,"940,574,261","1,404,824.41","1,851"
المنطقة الشرقية,ابريل,تجاري,"563,374,166","515,314.08",408,"444,971,923","707,390.80",543,"134,611,490","96,756.20",154,"518,242,011","1,135,743.41",402
المنطقة الشرقية,ابريل,زراعي,"61,110,085","7,895,077.02",77,"27,367,535","2,631,938.62",49,"16,639,903","9,383.49",31,"91,296,352","10,960,961.47",124
المنطقة الشرقية,ابريل,صناعي,"72,588,000","47,485.13",2,,,,,,,,,
المنطقة الشرقية,مايو,جميع التصانيف,"1,801,957,510","6,433,348.54","2,833","1,679,950,207","10,355,732.34","3,096","694,617,133","608,496.67","1,066",,,
المنطقة الشرقية,مايو,سكني,"1,356,704,010","2,739,474.59","2,382","1,309,827,269","1,512,609.51","2,593","545,722,188","443,974.93",878,,,
المنطقة الشرقية,مايو,تجاري,"407,732,404","443,220.48",367,"336,443,722","479,556.15",469,"145,023,945","149,902.10",179,,,
المنطقة الشرقية,مايو,زراعي,"37,521,096","3,250,653.48",84,"33,679,216","8,363,566.68",34,"3,871,000","14,619.64",9,,,
المنطقة الشرقية,يونيو,جميع التصانيف,"816,800,030","2,217,880.74","1,143","1,116,603,553","3,956,344.02","2,590","5,768,406,573","18,946,626.59","6,042",,,
المنطقة الشرقية,يونيو,سكني,"503,122,983","562,510.46",943,"926,264,790","1,193,761.61","2,201","3,444,554,715","3,464,690.72","4,749",,,
المنطقة الشرقية,يونيو,تجاري,"285,797,705","213,420.23",161,"171,305,763","309,849.79",360,"1,991,246,021","9,968,969.26","1,140",,,
المنطقة الشرقية,يونيو,زراعي,"17,206,942","1,414,041.25",33,"19,033,000","2,452,732.62",29,"332,605,837","5,512,966.61",153,,,
المنطقة الشرقية,يونيو,صناعي,"10,672,400","27,908.80",6,,,,,,,,,
المنطقة الشرقية,يوليو,جميع التصانيف,"1,434,756,501","3,466,503.88","2,717","2,369,473,054","10,188,312.11","4,971","1,175,723,616","7,866,400.75","2,503",,,
المنطقة الشرقية,يوليو,سكني,"1,022,099,616","1,328,550.60","2,275","1,704,873,889","2,472,025.16","4,178","807,117,058","1,194,755.27","1,970",,,
المنطقة الشرقية,يوليو,تجاري,"368,305,748","581,988.18",371,"634,188,197","842,327.22",749,"309,861,275","908,552.62",437,,,
المنطقة الشرقية,يوليو,زراعي,"44,351,137","1,555,965.10",71,"30,410,968","6,873,959.73",44,"58,745,283","5,763,092.86",96,,,
المنطقة الشرقية,اوغسطس,جميع التصانيف,"1,332,106,271","2,022,068.53","1,808","1,320,086,892","6,409,781.93","3,092","1,167,107,325","3,935,949.75","2,620",,,
المنطقة الشرقية,اوغسطس,سكني,"800,187,204","923,532.83","1,566","938,049,605","1,445,633.93","2,530","899,722,560","1,231,806.16","2,126",,,
المنطقة الشرقية,اوغسطس,تجاري,"514,820,067","410,876.76",200,"361,387,287","472,127.14",533,"225,813,764","325,913.93",408,,,
المنطقة الشرقية,اوغسطس,زراعي,"17,099,000","687,658.94",42,"20,650,000","4,492,020.87",29,"41,571,001","2,378,229.67",86,,,
المنطقة الشرقية,سبتمبر,جميع التصانيف,"1,745,348,709","6,574,298.36","2,617","1,921,999,476","7,015,367.28","4,361","2,106,268,821","20,523,774.61","3,860",,,
المنطقة الشرقية,سبتمبر,سكني,"1,211,874,326","1,281,988.83","2,188","1,543,181,176","2,097,825.46","3,706","1,482,641,864","2,212,051.26","3,118",,,
المنطقة الشرقية,سبتمبر,تجاري,"503,004,972","368,858.46",371,"363,905,011","512,206.53",626,"545,373,036","8,508,153.91",621,,,
المنطقة الشرقية,سبتمبر,زراعي,"30,469,411","4,923,451.07",58,"14,913,289","4,405,335.29",29,"78,253,921","9,803,569.44",121,,,
المنطقة الشرقية,اكتوبر,جميع التصانيف,"2,787,205,404","13,245,138.44","3,901","2,522,183,621","5,624,481.08","5,118","2,012,849,342","13,480,227.42","3,864",,,
المنطقة الشرقية,اكتوبر,سكني,"1,519,317,210","2,331,863.50","3,283","1,956,647,008","2,505,938.51","4,308","1,340,604,855","1,995,557.16","3,029",,,
المنطقة الشرقية,اكتوبر,تجاري,"1,190,516,786","3,174,855.28",532,"522,469,641","1,030,449.37",769,"542,048,904","757,124.64",710,,,
المنطقة الشرقية,اكتوبر,زراعي,"76,771,408","7,729,425.16",84,"43,066,972","2,088,093.20",41,"130,195,583","10,727,545.62",125,,,
المنطقة الشرقية,اكتوبر,صناعي,"600,000","8,994.50",2,,,,,,,,,
المنطقة الشرقية,نوفمبر,جميع التصانيف,"2,467,688,419","6,565,248.51","3,482","1,899,451,073","4,733,832.05","3,857","3,469,905,259","15,221,067.44","4,645",,,
المنطقة الشرقية,نوفمبر,سكني,"1,571,015,209","1,695,524.49","2,981","1,431,003,192","1,944,823.97","3,237","1,765,239,968","2,318,112.46","3,656",,,
المنطقة الشرقية,نوفمبر,تجاري,"875,841,381","3,133,776.56",466,"446,517,181","559,028.24",594,"1,272,254,874","3,582,494.11",828,,,
المنطقة الشرقية,نوفمبر,زراعي,"20,831,829","1,735,947.46",35,"21,930,700","2,229,979.84",26,"432,410,417","9,320,460.87",161,,,
المنطقة الشرقية,ديسمبر,جميع التصانيف,"2,375,236,170","6,449,546.49","4,205","2,631,453,942","6,704,945.12","4,049","2,686,388,893","30,062,956.01","4,390",,,
المنطقة الشرقية,ديسمبر,سكني,"1,706,124,648","2,063,097.89","3,608","1,676,477,143","2,518,348.16","3,347","1,820,958,106","2,197,303.00","3,356",,,
المنطقة الشرقية,ديسمبر,تجاري,"642,402,581","1,632,080.19",565,"904,260,449","2,522,479.28",671,"715,533,570","2,680,392.16",838,,,
المنطقة الشرقية,ديسمبر,زراعي,"26,708,941","2,754,368.41",32,"50,716,350","1,664,117.67",31,"149,897,217","25,185,260.85",196,,,
منطقة عسير,جميع الشهور,جميع التصانيف,"3,711,140,195","15,560,594.43","11,123","6,683,106,718","27,397,847.13","21,330","6,130,594,678","24,744,487.60","21,023","1,843,374,914","9,288,798.83","5,642"
منطقة عسير,يناير,جميع التصانيف,"271,209,992","942,815.17",745,"460,608,762","1,828,846.00","1,531","630,819,057","2,125,137.90","2,434","580,211,875","2,471,654.84","1,263"
منطقة عسير,يناير,سكني,"236,413,061","426,235.30",644,"414,997,372","892,785.53","1,363","581,442,911","1,557,374.88","2,175","509,813,266","1,733,639.42","1,094"
منطقة عسير,يناير,تجاري,"26,639,188","46,070.28",65,"35,538,551","80,541.18",124,"44,870,201","143,824.41",225,"37,604,609","82,735.41",118
منطقة عسير,يناير,زراعي,"8,157,743","470,509.59",36,"10,072,839","855,519.30",44,"4,505,945","423,938.61",34,"32,794,000","655,280.01",51
منطقة عسير,فبراير,جميع التصانيف,"293,014,200","1,102,460.77",803,"457,740,829","1,883,820.64","1,563","850,606,030","2,906,996.69","2,914","455,882,291","2,785,769.65","1,609"
منطقة عسير,فبراير,سكني,"253,131,265","481,459.44",680,"415,318,371","895,303.23","1,379","769,092,362","1,746,033.98","2,567","362,171,473","1,917,654.89","1,370"
منطقة عسير,فبراير,تجاري,"24,677,195","65,637.64",72,"35,543,958","134,734.35",128,"72,969,618","206,482.66",297,"56,754,492","156,000.77",195
منطقة عسير,فبراير,زراعي,"15,205,740","555,363.70",51,"6,878,500","853,783.06",56,"8,544,050","954,480.05",50,"36,956,326","712,113.99",44
منطقة عسير,مارس,جميع التصانيف,"359,652,371","1,286,868.88","1,034","491,989,463","2,987,560.00","1,546","609,793,226","1,557,854.45","1,903","477,711,909","2,502,536.62","1,899"
منطقة عسير,مارس,سكني,"320,037,273","677,554.12",920,"443,753,293","2,136,863.31","1,396","546,081,334","1,126,061.94","1,691","384,035,718","1,190,644.10","1,618"
منطقة عسير,مارس,تجاري,"30,205,098","70,876.89",72,"39,686,166","118,087.76",104,"46,000,915","119,689.39",175,"61,058,791","173,107.90",208
منطقة عسير,مارس,زراعي,"9,410,000","538,437.87",42,"8,550,004","732,608.93",46,"17,710,977","312,103.12",37,"32,617,400","1,138,784.62",73
منطقة عسير,ابريل,جميع التصانيف,"365,739,136","1,799,251.32","1,011","540,008,072","2,642,429.60","1,660","472,240,745","451,674.43",824,"329,568,839","1,528,837.72",871
منطقة عسير,ابريل,سكني,"292,500,944","597,604.20",864,"477,164,219","1,459,585.64","1,476","419,226,912","398,135.17",736,"265,297,478","862,659.60",737
منطقة عسير,ابريل,تجاري,"43,097,192","184,297.38",99,"44,650,322","112,984.94",118,"28,603,162","35,621.10",57,"51,572,804","70,940.83",102
منطقة عسير,ابريل,زراعي,"30,141,000","1,017,349.74",48,"18,193,531","1,069,859.02",66,"24,410,671","17,918.16",31,"12,698,557","595,237.29",32
منطقة عسير,مايو,جميع التصانيف,"381,435,346","1,400,461.56","1,015","431,587,347","1,134,530.73",967,"276,741,321","326,165.04",569,,,
منطقة عسير,مايو,سكني,"315,510,070","669,871.27",818,"310,963,347","558,268.76",865,"248,854,625","288,565.05",508,,,
منطقة عسير,مايو,تجاري,"49,225,486","80,730.64",95,"115,837,000","94,806.28",68,"17,371,000","32,999.54",46,,,
منطقة عسير,مايو,زراعي,"16,699,790","649,859.65",102,"4,787,000","481,455.69",34,"10,515,696","4,600.45",15,,,
منطقة عسير,يونيو,جميع التصانيف,"126,842,297","421,705.45",344,"277,011,904","1,700,379.38",957,"874,904,229","2,790,568.73","2,385",,,
منطقة عسير,يونيو,سكني,"107,007,297","219,632.25",293,"255,859,831","668,593.99",865,"647,445,302","2,008,169.71","2,037",,,
منطقة عسير,يونيو,تجاري,"13,836,000","8,386.25",13,"17,057,073","678,951.19",71,"189,874,971","215,710.26",308,,,
منطقة عسير,يونيو,زراعي,"5,999,000","193,686.95",38,"4,095,000","352,834.20",21,"37,583,956","566,688.76",40,,,
منطقة عسير,يوليو,جميع التصانيف,"379,255,805","1,641,106.88","1,189","774,150,671","2,930,544.45","2,206","316,686,955","1,853,810.68","1,566",,,
منطقة عسير,يوليو,سكني,"310,541,885","631,510.13",998,"694,857,390","1,583,144.25","1,953","276,188,113","973,000.47","1,360",,,
منطقة عسير,يوليو,تجاري,"59,424,754","114,024.32",129,"69,655,281","558,170.07",197,"20,836,161","115,186.32",155,,,
منطقة عسير,يوليو,زراعي,"9,289,166","895,572.43",62,"9,638,000","789,230.13",56,"19,662,681","765,623.89",51,,,
منطقة عسير,اوغسطس,جميع التصانيف,"193,141,196","1,090,436.61",638,"417,699,751","1,561,569.21","1,421","326,361,845","4,509,742.77","1,556",,,
منطقة عسير,اوغسطس,سكني,"162,140,003","401,093.36",547,"378,431,560","869,173.50","1,268","275,338,978","982,536.25","1,318",,,
منطقة عسير,اوغسطس,تجاري,"20,963,450","39,984.27",59,"32,959,356","184,076.93",117,"36,468,524","221,895.47",180,,,
منطقة عسير,اوغسطس,زراعي,"10,037,743","649,358.98",32,"6,308,835","508,318.78",36,"14,554,343","3,305,311.05",58,,,
منطقة عسير,سبتمبر,جميع التصانيف,"253,033,452","1,163,236.87",732,"719,935,737","2,947,233.15","2,200","517,409,778","2,405,923.94","2,079",,,
منطقة عسير,سبتمبر,سكني,"210,790,555","450,971.43",618,"665,851,715","1,952,080.89","1,968","399,682,654","1,439,219.35","1,792",,,
منطقة عسير,سبتمبر,تجاري,"33,490,897","51,825.86",67,"44,951,709","116,294.20",175,"99,715,949","228,681.84",223,,,
منطقة عسير,سبتمبر,زراعي,"8,752,000","660,439.58",47,"9,132,313","878,858.06",57,"18,011,175","738,022.75",64,,,
منطقة عسير,اكتوبر,جميع التصانيف,"342,452,672","1,516,569.50","1,140","814,562,325","2,627,489.88","2,654","448,714,881","1,929,356.21","1,656",,,
منطقة عسير,اكتوبر,سكني,"300,779,379","676,482.28",996,"725,257,135","1,612,728.08","2,368","383,880,057","1,326,948.19","1,456",,,
منطقة عسير,اكتوبر,تجاري,"35,043,293","75,349.34",97,"77,816,190","160,208.29",231,"52,138,786","113,456.69",160,,,
منطقة عسير,اكتوبر,زراعي,"6,630,000","764,737.88",47,"11,489,000","854,553.51",55,"12,696,038","488,951.33",40,,,
منطقة عسير,نوفمبر,جميع التصانيف,"319,355,417","1,570,345.90","1,086","685,248,912","2,875,823.83","2,235","412,625,529","2,096,767.76","1,694",,,
منطقة عسير,نوفمبر,سكني,"277,774,099","663,132.05",938,"617,911,308","2,054,148.43","1,982","344,477,366","1,269,632.29","1,443",,,
منطقة عسير,نوفمبر,تجاري,"33,578,318","112,608.84",101,"55,185,591","302,008.28",215,"46,865,163","173,201.18",187,,,
منطقة عسير,نوفمبر,زراعي,"8,003,000","794,605.01",47,"12,152,013","519,667.12",38,"21,283,000","653,934.29",64,,,
منطقة عسير,ديسمبر,جميع التصانيف,"426,008,311","1,625,335.52","1,386","612,562,945","2,277,620.26","2,390","393,691,082","1,790,489.01","1,443",,,
منطقة عسير,ديسمبر,سكني,"375,239,054","860,293.16","1,232","560,050,181","1,472,440.69","2,101","319,418,675","855,733.22","1,223",,,
منطقة عسير,ديسمبر,تجاري,"41,740,644","180,451.27",107,"46,124,766","163,254.04",246,"56,524,102","117,889.61",145,,,
منطقة عسير,ديسمبر,زراعي,"9,028,613","584,591.09",47,"6,387,998","641,925.53",43,"17,748,305","816,866.18",75,,,
منطقة تبوك,جميع الشهور,جميع التصانيف,"1,850,896,527","33,670,180.33","5,384","1,885,909,079","32,310,613.07","5,440","2,340,577,286","21,452,428.28","6,481","861,370,398","7,786,406.05","3,025"
منطقة تبوك,يناير,جميع التصانيف,"114,926,175","842,435.85",348,"225,710,094","948,552.66",760,"238,814,740","492,150.41",750,"228,651,396","3,297,987.68",890
منطقة تبوك,يناير,سكني,"60,501,010","113,062.86",183,"107,829,898","300,827.64",448,"142,474,630","335,965.84",528,"136,881,547","462,854.24",623
منطقة تبوك,يناير,تجاري,"52,021,723","90,161.59",127,"116,730,196","269,078.74",305,"95,300,110","155,434.57",221,"79,689,849","200,279.99",253
منطقة تبوك,يناير,زراعي,"2,403,442","639,211.40",38,"1,150,000","378,646.28",7,"1,040,000",750.00,1,"12,080,000","2,634,853.45",14
منطقة تبوك,فبراير,جميع التصانيف,"152,529,145","859,206.54",450,"205,489,070","7,149,451.18",718,"282,423,152","592,118.44",869,"304,152,954","1,204,159.26","1,089"
منطقة تبوك,فبراير,سكني,"98,867,380","201,446.20",275,"107,395,650","274,642.74",427,"173,764,250","416,778.20",622,"192,164,006","567,089.84",787
منطقة تبوك,فبراير,تجاري,"49,733,931","97,476.01",149,"91,749,810","185,883.44",275,"108,658,902","175,340.24",247,"108,023,948","292,950.59",294
منطقة تبوك,فبراير,زراعي,"3,927,834","560,284.33",26,"6,343,610","6,688,925.00",16,,,,"3,965,000","344,118.83",8
منطقة تبوك,مارس,جميع التصانيف,"153,209,812","3,469,538.40",491,"275,857,572","3,656,195.19",747,"282,641,889","395,135.90",478,"245,575,502","902,844.70",771
منطقة تبوك,مارس,سكني,"79,698,142","160,923.55",271,"125,331,944","275,878.82",435,"114,377,369","232,594.71",344,"145,992,285","357,411.88",538
منطقة تبوك,مارس,تجاري,"69,617,670","197,802.85",187,"147,978,328","594,359.61",300,"168,014,520","112,541.19",133,"90,049,217","162,355.71",215
منطقة تبوك,مارس,زراعي,"3,894,000","3,110,812.00",33,"2,547,300","2,785,956.76",12,"250,000","50,000.00",1,"9,534,000","383,077.11",18
منطقة تبوك,ابريل,جميع التصانيف,"168,540,407","8,213,412.95",542,"225,412,432","5,708,699.41",552,,,,"82,990,546","2,381,414.41",275
منطقة تبوك,ابريل,سكني,"76,493,604","170,004.92",255,"113,841,138","207,494.46",349,,,,"51,723,107","114,498.84",191
منطقة تبوك,ابريل,تجاري,"81,244,970","199,521.53",221,"100,704,294","190,812.69",194,,,,"28,207,439","58,120.47",76
منطقة تبوك,ابريل,زراعي,"10,801,833","7,843,886.50",66,"10,867,000","5,310,392.26",9,,,,"3,060,000","2,208,795.11",8
منطقة تبوك,مايو,جميع التصانيف,"383,659,619","6,240,878.50",457,"150,568,977","6,737,224.40",475,,,,,,
منطقة تبوك,مايو,سكني,"86,186,504","169,031.66",263,"84,481,545","184,450.63",279,,,,,,
منطقة تبوك,مايو,تجاري,"277,592,115","126,316.47",143,"62,741,674","129,109.16",189,,,,,,
منطقة تبوك,مايو,زراعي,"19,881,000","5,945,530.37",51,"3,345,758","6,423,664.61",7,,,,,,
منطقة تبوك,يونيو,جميع التصانيف,"53,887,655","405,110.89",200,"118,982,253","4,469,224.19",288,"406,690,760","648,095.31",671,,,
منطقة تبوك,يونيو,سكني,"26,642,311","84,831.37",136,"46,600,157","109,016.23",174,"222,913,039","308,326.92",419,,,
منطقة تبوك,يونيو,تجاري,"25,485,344","38,504.52",56,"70,321,096","294,357.96",106,"173,061,721","178,810.06",246,,,
منطقة تبوك,يونيو,زراعي,"1,760,000","281,775.00",8,"2,061,000","4,065,850.00",8,"10,716,000","160,958.33",6,,,
منطقة تبوك,يوليو,جميع التصانيف,"128,721,567","2,865,764.18",459,"273,880,961","1,220,344.76",727,"118,756,350","322,507.01",386,,,
منطقة تبوك,يوليو,سكني,"61,424,671","162,106.49",259,"159,436,618","295,727.55",472,"70,669,986","162,825.28",250,,,
منطقة تبوك,يوليو,تجاري,"63,579,563","184,204.69",177,"111,249,343","268,947.21",243,"45,986,364","98,799.29",133,,,
منطقة تبوك,يوليو,زراعي,"3,717,333","2,519,453.00",23,"3,195,000","655,670.00",12,"2,100,000","60,882.44",3,,,
منطقة تبوك,اوغسطس,جميع التصانيف,"59,535,096","422,990.85",200,"129,988,072","659,889.12",368,"127,378,138","1,846,425.38",484,,,
منطقة تبوك,اوغسطس,سكني,"38,290,420","80,141.47",126,"75,026,040","140,066.55",238,"75,344,539","262,986.03",333,,,
منطقة تبوك,اوغسطس,تجاري,"20,268,676","44,879.67",64,"51,907,032","87,313.17",122,"44,223,483","84,875.83",115,,,
منطقة تبوك,اوغسطس,زراعي,"976,000","297,969.71",10,"3,055,000","432,509.40",8,"7,810,116","1,498,563.52",36,,,
منطقة تبوك,سبتمبر,جميع التصانيف,"99,080,640","607,264.37",363,"158,259,337","985,377.57",459,"202,263,993","7,115,353.06",742,,,
منطقة تبوك,سبتمبر,سكني,"62,253,978","140,400.25",229,"82,239,786","192,629.25",300,"133,579,640","361,752.47",541,,,
منطقة تبوك,سبتمبر,تجاري,"35,166,662","76,168.62",113,"73,762,751","169,678.32",151,"60,021,853","177,322.43",180,,,
منطقة تبوك,سبتمبر,زراعي,"1,660,000","390,695.50",21,"2,256,800","623,070.00",8,"8,662,500","6,576,278.16",21,,,
منطقة تبوك,اكتوبر,جميع التصانيف,"140,298,427","3,236,011.48",492,"7,847,721","597,784.86",51,"157,089,584","5,649,538.40",635,,,
منطقة تبوك,اكتوبر,سكني,"82,306,819","180,850.13",294,"4,690,721","29,644.00",46,"87,417,237","271,618.47",428,,,
منطقة تبوك,اكتوبر,تجاري,"53,900,075","159,487.71",164,"160,000","1,395.00",2,"65,057,347","132,942.73",187,,,
منطقة تبوك,اكتوبر,زراعي,"4,091,533","2,895,673.64",34,"2,997,000","566,745.86",3,"4,615,000","5,244,977.20",20,,,
منطقة تبوك,نوفمبر,جميع التصانيف,"143,307,545","1,536,320.82",522,"3,522,668","9,953.76",16,"202,386,504","2,976,743.04",672,,,
منطقة تبوك,نوفمبر,سكني,"73,476,013","212,867.46",302,"3,522,668","9,953.76",16,"100,195,474","279,830.37",444,,,
منطقة تبوك,نوفمبر,تجاري,"63,741,532","235,938.65",205,,,,"82,591,030","225,581.96",215,,,
منطقة تبوك,نوفمبر,زراعي,"6,090,000","1,087,514.71",15,,,,"19,600,000","2,471,330.72",13,,,
منطقة تبوك,ديسمبر,جميع التصانيف,"253,200,439","4,971,245.52",860,"110,389,922","167,915.97",279,"322,132,176","1,414,361.33",794,,,
منطقة تبوك,ديسمبر,سكني,"137,124,885","358,731.15",543,"62,760,140","111,626.64",196,"116,822,115","371,411.25",550,,,
منطقة تبوك,ديسمبر,تجاري,"100,666,445","208,067.38",307,"47,629,782","56,289.33",83,"190,015,061","187,206.59",223,,,
منطقة تبوك,ديسمبر,زراعي,"15,409,109","4,404,446.99",10,,,,"15,295,000","855,743.49",21,,,
منطقة حائل,جميع الشهور,جميع التصانيف,"2,327,444,036","156,199,060.99","10,119","3,504,773,347","123,824,616.84","12,975","2,754,881,980","257,623,676.89","11,807","776,046,545","216,066,893.71","4,313"
منطقة حائل,يناير,جميع التصانيف,"317,986,778","14,850,336.10",927,"293,889,957","4,731,951.81","1,195","359,553,720","5,922,733.99","1,232","196,364,462","30,403,118.88","1,005"
منطقة حائل,يناير,سكني,"251,225,269","417,532.67",676,"260,868,840","825,819.95","1,038","308,545,405","643,042.82","1,052","126,799,361","513,707.92",763
منطقة حائل,يناير,تجاري,"56,316,733","148,543.16",92,"28,271,173","481,465.19",121,"39,044,660","409,771.82",139,"50,238,799","124,691.94",142
منطقة حائل,يناير,زراعي,"10,444,776","14,284,260.27",159,"4,749,944","3,424,666.67",36,"11,963,655","4,869,919.35",41,"19,326,302","29,764,719.02",100
منطقة حائل,فبراير,جميع التصانيف,"252,818,071","14,959,405.49",784,"240,745,690","11,113,756.15",989,"393,587,124","13,062,676.77","1,289","203,055,809","53,155,167.09","1,070"
منطقة حائل,فبراير,سكني,"222,399,044","370,366.59",571,"213,118,082","522,814.89",849,"329,575,155","1,636,580.49","1,089","135,771,081","558,555.48",765
منطقة حائل,فبراير,تجاري,"18,128,684","46,546.19",53,"21,232,132","72,775.21",97,"53,812,251","119,260.96",157,"32,432,837","383,351.24",160
منطقة حائل,فبراير,زراعي,"12,290,343","14,542,492.71",160,"6,395,476","10,518,166.05",43,"10,199,718","11,306,835.32",43,"34,851,891","52,213,260.37",145
منطقة حائل,مارس,جميع التصانيف,"189,166,428","18,431,159.13",831,"284,458,845","11,491,677.51","1,132","374,712,587","5,356,576.10",964,"246,347,570","91,409,857.98","1,375"
منطقة حائل,مارس,سكني,"156,995,743","410,466.52",574,"249,106,604","668,457.94",995,"337,594,662","547,182.44",849,"150,816,764","753,081.92",982
منطقة حائل,مارس,تجاري,"17,438,312","299,601.98",66,"30,955,241","77,260.17",103,"33,200,825","65,866.01",87,"23,335,253","374,000.82",149
منطقة حائل,مارس,زراعي,"14,732,373","17,721,090.64",191,"4,397,000","10,745,959.40",34,"3,917,100","4,743,527.65",28,"72,195,553","90,282,775.24",244
منطقة حائل,ابريل,جميع التصانيف,"172,378,493","9,309,362.59",954,"277,938,550","16,169,856.91","1,144","242,970,684","266,490.66",448,"130,278,704","41,098,749.77",863
منطقة حائل,ابريل,سكني,"149,219,219","437,230.63",669,"247,703,086","608,046.53",972,"223,444,676","223,736.50",408,"77,795,309","430,847.31",635
منطقة حائل,ابريل,تجاري,"10,312,524","131,644.75",64,"21,118,139","83,632.63",113,"19,186,008","32,517.78",38,"24,773,606","70,289.55",91
منطقة حائل,ابريل,زراعي,"12,846,750","8,740,487.21",221,"9,117,325","15,478,177.75",59,"340,000","10,236.38",2,"27,709,789","40,597,612.91",137
منطقة حائل,مايو,جميع التصانيف,"194,633,718","22,049,335.34",848,"214,017,397","8,227,881.98",802,"107,402,939","121,358.95",215,,,
منطقة حائل,مايو,سكني,"150,218,622","518,342.52",581,"184,947,926","433,294.06",675,"97,343,339","108,410.67",196,,,
منطقة حائل,مايو,تجاري,"21,456,862","482,275.65",76,"21,341,471","60,007.28",75,"10,059,600","12,948.28",19,,,
منطقة حائل,مايو,زراعي,"22,958,234","21,048,717.17",191,"7,728,000","7,734,580.64",52,,,,,,
منطقة حائل,يونيو,جميع التصانيف,"84,900,390","6,730,280.25",349,"179,176,653","4,566,584.38",690,"337,598,586","17,515,559.62","1,591",,,
منطقة حائل,يونيو,سكني,"69,239,961","148,350.55",249,"153,856,491","363,695.98",582,"245,900,341","833,232.46","1,227",,,
منطقة حائل,يونيو,تجاري,"8,702,129","228,527.36",26,"21,547,162","73,221.86",84,"54,651,654","1,697,977.13",219,,,
منطقة حائل,يونيو,زراعي,"6,958,300","6,353,402.34",74,"3,773,000","4,129,666.54",24,"37,046,591","14,984,350.03",145,,,
منطقة حائل,يوليو,جميع التصانيف,"172,842,046","8,063,995.93",879,"310,450,016","15,040,767.22","1,367","132,787,324","18,767,943.18",869,,,
منطقة حائل,يوليو,سكني,"141,067,389","369,818.09",600,"258,922,838","716,719.95","1,127","97,105,278","539,666.92",616,,,
منطقة حائل,يوليو,تجاري,"17,762,082","189,287.34",67,"34,706,159","212,340.86",149,"18,466,778","279,845.96",120,,,
منطقة حائل,يوليو,زراعي,"14,012,575","7,504,890.50",212,"16,821,019","14,111,706.41",91,"17,215,268","17,948,430.30",133,,,
منطقة حائل,اوغسطس,جميع التصانيف,"114,168,189","5,047,354.22",579,"297,963,648","9,001,912.35",927,"137,032,708","46,001,809.31",958,,,
منطقة حائل,اوغسطس,سكني,"99,189,547","276,208.47",418,"273,976,866","538,186.47",794,"91,903,610","503,798.92",685,,,
منطقة حائل,اوغسطس,تجاري,"8,594,275","33,945.12",43,"19,859,562","72,026.88",98,"18,788,049","429,086.45",119,,,
منطقة حائل,اوغسطس,زراعي,"6,384,367","4,737,200.63",118,"4,127,220","8,391,699.00",35,"26,341,049","45,068,923.94",154,,,
منطقة حائل,سبتمبر,جميع التصانيف,"170,587,746","14,370,910.77",916,"328,552,235","9,401,222.71","1,149","166,636,225","37,760,871.42","1,042",,,
منطقة حائل,سبتمبر,سكني,"134,911,742","494,678.91",608,"293,165,483","624,654.26",992,"123,064,080","468,986.91",740,,,
منطقة حائل,سبتمبر,تجاري,"15,393,261","364,973.92",78,"27,824,752","192,896.76",109,"24,588,854","832,616.85",141,,,
منطقة حائل,سبتمبر,زراعي,"20,282,743","13,511,257.94",230,"7,562,000","8,583,671.69",48,"18,983,291","36,459,267.66",161,,,
منطقة حائل,اكتوبر,جميع التصانيف,"211,795,938","16,978,400.63","1,099","368,868,723","18,580,293.01","1,315","164,002,761","35,299,048.96",931,,,
منطقة حائل,اكتوبر,سكني,"176,495,425","776,900.51",812,"313,929,409","711,979.92","1,089","121,668,702","578,082.58",692,,,
منطقة حائل,اكتوبر,تجاري,"19,262,986","363,900.34",81,"31,195,314","134,633.28",137,"22,557,401","134,377.83",105,,,
منطقة حائل,اكتوبر,زراعي,"16,037,527","15,837,599.78",206,"23,744,000","17,733,679.81",89,"19,776,658","34,586,588.55",134,,,
منطقة حائل,نوفمبر,جميع التصانيف,"208,076,932","14,742,996.05",890,"357,762,971","10,073,570.18","1,106","151,925,754","35,543,995.11","1,141",,,
منطقة حائل,نوفمبر,سكني,"177,701,296","463,177.77",746,"307,159,723","551,865.85",924,"123,926,254","662,131.32",906,,,
منطقة حائل,نوفمبر,تجاري,"19,295,674","57,361.37",80,"40,028,248","118,898.95",139,"20,593,718","218,668.95",127,,,
منطقة حائل,نوفمبر,زراعي,"11,079,962","14,222,456.91",64,"10,575,000","9,402,805.38",43,"7,405,782","34,663,194.84",108,,,
منطقة حائل,ديسمبر,جميع التصانيف,"238,089,307","10,665,524.51","1,063","350,948,662","5,425,142.65","1,159","186,671,568","42,004,612.82","1,127",,,
منطقة حائل,ديسمبر,سكني,"209,697,217","1,101,950.05",933,"303,712,104","699,561.63",992,"136,612,721","892,657.36",835,,,
منطقة حائل,ديسمبر,تجاري,"20,749,500","64,679.96",85,"37,557,914","275,038.49",115,"26,062,513","165,910.40",144,,,
منطقة حائل,ديسمبر,زراعي,"7,642,590","9,498,894.50",45,"9,678,644","4,450,542.53",52,"23,996,334","40,946,045.06",148,,,
منطقة الحدود الشمالية,جميع الشهور,جميع التصانيف,"1,017,516,016","6,978,775.01","7,387","1,355,801,253","6,869,360.93","8,982","1,077,557,168","10,525,836.50","7,328","262,908,851","3,331,541.61","2,301"
منطقة الحدود الشمالية,يناير,جميع التصانيف,"82,280,091","489,317.28",494,"104,966,837","622,522.98",604,"138,714,072","511,315.65",761,"52,551,078","592,067.55",658
منطقة الحدود الشمالية,يناير,سكني,"73,288,588","313,405.54",440,"96,964,791","436,928.69",554,"125,128,867","454,698.37",680,"41,470,577","378,250.66",563
منطقة الحدود الشمالية,يناير,تجاري,"8,896,503","36,711.74",53,"7,722,046","33,394.29",47,"13,585,205","56,617.28",81,"10,597,501","60,270.48",90
منطقة الحدود الشمالية,يناير,زراعي,"95,000","139,200.00",1,"280,000","152,200.00",3,,,,"483,000","153,546.40",5
منطقة الحدود الشمالية,فبراير,جميع التصانيف,"84,131,105","443,673.91",643,"76,365,421","417,895.79",463,"139,852,153","549,540.52",799,"50,215,540","504,791.51",679
منطقة الحدود الشمالية,فبراير,سكني,"78,578,452","420,868.11",609,"62,599,521","287,131.94",422,"124,774,193","499,227.58",723,"42,405,540","407,134.51",616
منطقة الحدود الشمالية,فبراير,تجاري,"5,552,653","22,805.80",34,"13,685,900","27,663.85",39,"15,077,960","50,312.94",76,"7,700,000","44,957.00",62
منطقة الحدود الشمالية,فبراير,زراعي,,,,"80,000","103,100.00",2,,,,"110,000","52,700.00",1
منطقة الحدود الشمالية,مارس,جميع التصانيف,"106,961,274","578,937.68",833,"86,137,748","411,714.54",597,"101,463,646","337,267.97",481,"71,402,531","1,300,338.97",727
منطقة الحدود الشمالية,مارس,سكني,"92,669,384","527,947.08",760,"78,744,780","379,366.74",550,"93,002,772","307,788.69",439,"48,671,113","429,624.51",632
منطقة الحدود الشمالية,مارس,تجاري,"14,291,890","50,990.61",73,"7,392,968","32,347.80",47,"8,460,874","29,479.28",42,"22,531,418","70,714.46",91
منطقة الحدود الشمالية,مارس,زراعي,,,,,,,,,,"200,000","800,000.00",4
منطقة الحدود الشمالية,ابريل,جميع التصانيف,"107,865,599","637,826.20",727,"109,373,563","627,846.73",865,"96,298,897","209,195.79",311,"88,739,702","934,343.59",237
منطقة الحدود الشمالية,ابريل,سكني,"98,785,296","460,132.41",668,"97,128,548","562,826.91",797,"84,982,158","184,313.13",274,"16,018,202","130,265.57",200
منطقة الحدود الشمالية,ابريل,تجاري,"8,983,303","38,493.80",58,"11,975,015","48,019.83",67,"11,316,739","24,882.66",37,"72,601,500","402,878.02",34
منطقة الحدود الشمالية,ابريل,زراعي,"97,000","139,200.00",1,"270,000","17,000.00",1,,,,"120,000","401,200.00",3
منطقة الحدود الشمالية,مايو,جميع التصانيف,"88,932,291","442,183.94",576,"106,879,209","600,608.53",847,"74,018,609","172,012.06",247,,,
منطقة الحدود الشمالية,مايو,سكني,"78,161,245","355,174.66",526,"92,658,084","532,850.33",772,"65,906,734","149,418.06",215,,,
منطقة الحدود الشمالية,مايو,تجاري,"10,721,046","34,509.28",49,"12,221,125","50,758.20",74,"8,111,875","22,594.00",32,,,
منطقة الحدود الشمالية,مايو,زراعي,"50,000","52,500.00",1,"2,000,000","17,000.00",1,,,,,,
منطقة الحدود الشمالية,يونيو,جميع التصانيف,"39,398,028","227,735.09",254,"107,318,728","589,000.12",864,"123,280,280","1,040,912.45",844,,,
منطقة الحدود الشمالية,يونيو,سكني,"33,227,078","152,094.09",219,"95,856,353","539,597.12",792,"102,453,413","510,067.01",730,,,
منطقة الحدود الشمالية,يونيو,تجاري,"6,160,950","25,641.01",34,"11,462,375","49,403.00",72,"20,545,867","78,345.44",109,,,
منطقة الحدود الشمالية,يونيو,زراعي,"10,000","50,000.00",1,,,,"281,000","452,500.00",5,,,
منطقة الحدود الشمالية,يوليو,جميع التصانيف,"68,917,963","592,828.72",568,"147,875,722","762,980.02","1,052","70,719,484","975,568.74",607,,,
منطقة الحدود الشمالية,يوليو,سكني,"56,435,460","346,293.35",503,"133,182,922","647,870.03",952,"55,312,097","343,147.38",511,,,
منطقة الحدود الشمالية,يوليو,تجاري,"12,288,503","46,535.38",63,"14,593,000","65,109.99",99,"13,857,387","58,317.17",87,,,
منطقة الحدود الشمالية,يوليو,زراعي,"194,000","200,000.00",2,"99,800","50,000.00",1,"1,550,000","574,104.20",9,,,
منطقة الحدود الشمالية,اوغسطس,جميع التصانيف,"64,893,950","1,196,677.14",421,"100,481,999","386,592.41",566,"73,001,737","1,342,916.98",648,,,
منطقة الحدود الشمالية,اوغسطس,سكني,"48,398,792","257,688.35",377,"85,373,223","346,566.34",510,"63,974,957","384,279.71",573,,,
منطقة الحدود الشمالية,اوغسطس,تجاري,"16,435,158","888,988.79",43,"15,108,776","40,026.07",56,"8,681,780","46,637.27",67,,,
منطقة الحدود الشمالية,اوغسطس,زراعي,"60,000","50,000.00",1,,,,"345,000","912,000.00",8,,,
منطقة الحدود الشمالية,سبتمبر,جميع التصانيف,"74,689,697","481,889.75",628,"154,900,062","786,642.92",937,"93,780,208","2,429,516.76",767,,,
منطقة الحدود الشمالية,سبتمبر,سكني,"65,275,897","387,007.89",570,"136,861,181","574,738.38",846,"78,655,840","437,701.83",662,,,
منطقة الحدود الشمالية,سبتمبر,تجاري,"9,393,800","38,881.86",57,"17,973,881","61,904.54",90,"14,208,368","62,689.93",92,,,
منطقة الحدود الشمالية,سبتمبر,زراعي,"20,000","56,000.00",1,"65,000","150,000.00",1,"916,000","1,929,125.00",13,,,
منطقة الحدود الشمالية,اكتوبر,جميع التصانيف,"111,580,275","730,123.12",809,"155,507,032","703,273.40",916,"49,826,084","1,290,270.33",491,,,
منطقة الحدود الشمالية,اكتوبر,سكني,"96,486,646","510,853.85",735,"131,742,119","546,689.23",812,"40,686,584","281,127.72",424,,,
منطقة الحدود الشمالية,اكتوبر,تجاري,"14,873,629","54,269.27",71,"23,714,913","69,484.17",103,"8,723,500","41,692.61",60,,,
منطقة الحدود الشمالية,اكتوبر,زراعي,"220,000","165,000.00",3,"50,000","87,100.00",1,"416,000","967,450.00",7,,,
منطقة الحدود الشمالية,نوفمبر,جميع التصانيف,"86,952,603","492,407.72",651,"106,528,915","472,765.10",620,"58,844,690","891,011.02",667,,,
منطقة الحدود الشمالية,نوفمبر,سكني,"74,864,728","400,480.29",594,"97,649,746","374,689.38",559,"48,229,580","386,635.55",581,,,
منطقة الحدود الشمالية,نوفمبر,تجاري,"11,987,875","41,927.43",56,"8,794,169","38,075.72",60,"9,287,310","53,380.01",76,,,
منطقة الحدود الشمالية,نوفمبر,زراعي,"100,000","50,000.00",1,"85,000","60,000.00",1,"1,327,800","450,995.46",10,,,
منطقة الحدود الشمالية,ديسمبر,جميع التصانيف,"100,913,140","665,174.45",783,"99,466,017","487,518.41",651,"57,757,308","776,308.24",705,,,
منطقة الحدود الشمالية,ديسمبر,سكني,"92,128,498","502,983.08",734,"87,606,084","392,520.38",582,"49,484,402","415,432.58",624,,,
منطقة الحدود الشمالية,ديسمبر,تجاري,"8,604,642","32,691.37",47,"11,809,933","44,998.03",68,"6,103,476","52,325.61",70,,,
منطقة الحدود الشمالية,ديسمبر,زراعي,"180,000","129,500.00",2,"50,000","50,000.00",1,"2,169,430","308,550.05",11,,,
منطقة جازان,جميع الشهور,جميع التصانيف,"1,154,528,860","6,690,615.90","3,630","1,619,923,712","8,414,331.40","6,733","1,876,039,689","8,543,272.54","7,432","752,996,186","5,182,355.68","2,749"
منطقة جازان,يناير,جميع التصانيف,"100,124,479","622,147.27",262,"112,643,593","482,608.07",539,"165,124,766","625,608.38",647,"184,397,549","1,036,572.47",593
منطقة جازان,يناير,سكني,"59,663,727","196,533.51",228,"97,786,093","319,476.59",496,"137,256,266","423,387.31",600,"122,212,834","373,513.35",522
منطقة جازان,يناير,تجاري,"33,535,730","103,931.75",22,"10,742,500","26,173.12",36,"8,551,500","33,927.88",35,"49,053,710","132,052.19",47
منطقة جازان,يناير,زراعي,"6,925,022","321,682.01",12,"4,115,000","136,958.36",7,"19,317,000","168,293.19",12,"13,131,005","531,006.93",24
منطقة جازان,فبراير,جميع التصانيف,"92,582,135","416,683.54",314,"101,563,631","997,853.09",501,"234,876,179","1,229,333.19",915,"223,408,641","1,061,069.60",799
منطقة جازان,فبراير,سكني,"62,002,342","183,327.73",275,"79,829,631","522,429.70",429,"200,509,783","537,721.55",834,"182,226,687","525,383.17",713
منطقة جازان,فبراير,تجاري,"21,095,793","55,579.58",28,"17,310,000","55,579.09",54,"15,590,838","94,436.45",64,"20,581,454","45,064.06",66
منطقة جازان,فبراير,زراعي,"9,484,000","177,776.23",11,"4,424,000","419,844.30",18,"18,775,558","597,175.19",17,"20,600,500","490,622.37",20
منطقة جازان,مارس,جميع التصانيف,"82,412,965","356,969.09",292,"144,580,906","595,669.15",600,"144,815,838","555,387.30",524,"220,299,267","1,486,642.00",907
منطقة جازان,مارس,سكني,"64,488,965","202,981.23",256,"120,305,872","405,170.93",538,"125,539,310","305,378.45",479,"191,734,643","676,331.46",807
منطقة جازان,مارس,تجاري,"15,209,000","30,574.37",27,"23,297,534","84,588.82",55,"11,272,000","25,547.73",36,"15,891,124","47,576.28",58
منطقة جازان,مارس,زراعي,"2,715,000","123,413.49",9,"977,500","105,909.40",7,"8,004,528","224,461.12",9,"12,673,500","762,734.26",42
منطقة جازان,ابريل,جميع التصانيف,"106,866,024","479,637.84",297,"129,335,391","840,505.23",663,"107,941,040","151,193.39",267,"124,890,729","1,598,071.61",450
منطقة جازان,ابريل,سكني,"76,521,737","174,958.89",259,"110,575,391","446,382.42",608,"100,376,310","140,656.71",249,"79,096,729","256,098.35",400
منطقة جازان,ابريل,تجاري,"21,300,037","34,817.99",24,"11,488,000","83,747.92",45,"5,809,658","9,948.59",15,"12,099,000","26,552.55",38
منطقة جازان,ابريل,زراعي,"9,044,250","269,860.96",14,"7,272,000","310,374.89",10,"1,755,072",588.09,3,"33,695,000","1,315,420.71",12
منطقة جازان,مايو,جميع التصانيف,"99,115,224","1,130,221.02",313,"125,927,893","623,992.31",425,"86,940,211","131,171.06",219,,,
منطقة جازان,مايو,سكني,"85,807,104","449,745.82",278,"90,093,897","290,603.29",369,"81,636,755","121,766.40",207,,,
منطقة جازان,مايو,تجاري,"6,734,975","20,108.72",15,"24,983,000","71,143.47",36,"5,303,456","9,404.66",12,,,
منطقة جازان,مايو,زراعي,"6,573,145","660,366.49",20,"10,850,996","262,245.55",20,,,,,,
منطقة جازان,يونيو,جميع التصانيف,"36,701,083","132,587.50",119,"70,968,489","243,075.13",289,"283,471,546","1,587,331.18",958,,,
منطقة جازان,يونيو,سكني,"30,553,083","62,179.27",108,"66,540,489","190,189.33",268,"228,552,729","688,061.26",870,,,
منطقة جازان,يونيو,تجاري,"4,758,000","4,143.20",7,"3,388,000","14,060.19",18,"31,503,752","61,868.92",54,,,
منطقة جازان,يونيو,زراعي,"1,390,000","66,265.03",4,"1,040,000","38,825.61",3,"23,415,065","837,401.00",34,,,
منطقة جازان,يوليو,جميع التصانيف,"99,600,856","572,190.64",324,"136,725,685","554,934.27",543,"102,230,901","590,116.00",605,,,
منطقة جازان,يوليو,سكني,"85,012,856","267,717.83",289,"118,435,805","354,944.93",496,"90,935,901","421,324.72",557,,,
منطقة جازان,يوليو,تجاري,"8,448,000","15,078.18",16,"15,223,880","39,533.74",35,"6,480,000","44,743.24",36,,,
منطقة جازان,يوليو,زراعي,"6,140,000","289,394.64",19,"3,066,000","160,455.59",12,"4,815,000","124,048.04",12,,,
منطقة جازان,اوغسطس,جميع التصانيف,"43,466,477","231,800.56",163,"119,297,822","465,810.47",395,"109,529,192","707,106.14",572,,,
منطقة جازان,اوغسطس,سكني,"38,831,477","135,480.52",154,"87,592,822","324,662.93",358,"99,818,192","355,749.65",527,,,
منطقة جازان,اوغسطس,تجاري,"1,495,000","2,643.66",4,"25,385,000","28,097.14",30,"6,417,000","52,271.98",29,,,
منطقة جازان,اوغسطس,زراعي,"3,140,000","93,676.38",5,"6,320,000","113,050.40",7,"3,294,000","299,084.51",16,,,
منطقة جازان,سبتمبر,جميع التصانيف,"79,020,621","300,461.38",242,"173,914,755","830,845.49",610,"156,607,162","828,585.92",774,,,
منطقة جازان,سبتمبر,سكني,"65,583,879","139,010.16",223,"145,414,622","410,240.88",568,"128,906,721","495,175.96",716,,,
منطقة جازان,سبتمبر,تجاري,"7,030,000","16,284.54",14,"20,237,133","74,172.99",38,"17,015,441","53,035.81",41,,,
منطقة جازان,سبتمبر,زراعي,"6,406,742","145,166.68",5,"8,263,000","346,431.62",4,"10,685,000","280,374.15",17,,,
منطقة جازان,اكتوبر,جميع التصانيف,"125,962,671","706,136.33",499,"162,332,657","1,191,197.33",703,"137,795,291","689,954.07",652,,,
منطقة جازان,اكتوبر,سكني,"95,092,021","328,893.68",445,"135,236,275","522,968.41",636,"109,077,791","382,320.95",588,,,
منطقة جازان,اكتوبر,تجاري,"21,595,650","54,435.99",41,"16,303,382","42,083.87",52,"14,597,500","23,487.12",34,,,
منطقة جازان,اكتوبر,زراعي,"9,275,000","322,806.66",13,"10,793,000","626,145.05",15,"14,120,000","284,146.01",30,,,
منطقة جازان,نوفمبر,جميع التصانيف,"167,154,666","522,486.55",379,"165,057,001","827,028.45",664,"153,261,463","683,749.14",677,,,
منطقة جازان,نوفمبر,سكني,"84,195,166","214,121.31",335,"129,540,251","441,580.79",569,"131,015,142","432,376.76",625,,,
منطقة جازان,نوفمبر,تجاري,"80,319,500","194,215.33",31,"27,632,853","82,134.96",79,"8,584,500","32,222.30",30,,,
منطقة جازان,نوفمبر,زراعي,"2,640,000","114,149.91",13,"7,883,897","303,312.70",16,"13,661,821","219,150.08",22,,,
منطقة جازان,ديسمبر,جميع التصانيف,"121,521,659","1,219,294.19",426,"177,575,889","760,812.42",801,"193,446,100","763,736.77",622,,,
منطقة جازان,ديسمبر,سكني,"101,886,709","221,101.77",376,"159,907,198","594,024.96",733,"139,276,687","392,613.69",555,,,
منطقة جازان,ديسمبر,تجاري,"12,768,000","107,603.47",39,"15,963,691","54,398.79",61,"39,734,413","191,355.81",38,,,
منطقة جازان,ديسمبر,زراعي,"6,866,950","890,588.95",11,"1,705,000","112,388.67",7,"14,333,500","176,695.28",28,,,
منطقة جازان,ديسمبر,صناعي,,,,,,,"101,500","3,072.00",1,,,
منطقة نجران,جميع الشهور,جميع التصانيف,"571,602,682","8,306,808.72","3,623","1,020,177,117","10,176,779.76","5,747","924,741,185","13,178,539.28","6,201","257,943,519","5,360,348.79","1,980"
منطقة نجران,يناير,جميع التصانيف,"55,319,460","674,547.89",356,"78,115,174","925,294.53",445,"85,834,111","597,100.21",658,"52,894,448","1,547,009.55",485
منطقة نجران,يناير,سكني,"46,001,460","226,255.48",301,"52,779,348","272,050.31",378,"76,052,611","422,460.04",581,"27,520,600","287,265.49",384
منطقة نجران,يناير,تجاري,"6,868,000","85,508.60",38,"12,520,000","86,749.37",50,"8,591,500","59,340.17",74,"10,583,850","66,559.72",70
منطقة نجران,يناير,زراعي,"2,450,000","362,783.81",17,"12,815,826","566,494.85",17,"1,190,000","115,300.00",3,"14,789,998","1,193,184.34",31
منطقة نجران,فبراير,جميع التصانيف,"60,655,387","543,059.33",340,"80,806,255","827,312.70",447,"135,577,554","1,231,084.70",962,"77,776,181","1,319,500.90",555
منطقة نجران,فبراير,سكني,"48,855,622","218,591.78",285,"59,236,205","277,505.54",370,"117,524,754","659,258.25",851,"50,581,181","342,785.38",447
منطقة نجران,فبراير,تجاري,"8,874,865","33,022.84",42,"16,539,000","47,287.42",63,"15,238,800","77,720.26",97,"12,880,000","62,703.37",83
منطقة نجران,فبراير,زراعي,"2,924,900","291,444.71",13,"5,031,050","502,519.74",14,"2,814,000","494,106.19",14,"14,315,000","914,012.15",25
منطقة نجران,مارس,جميع التصانيف,"72,611,185","1,028,392.29",394,"86,565,371","980,447.63",480,"79,010,101","875,544.95",481,"67,030,080","1,611,496.72",629
منطقة نجران,مارس,سكني,"40,525,685","228,978.06",300,"56,885,371","296,167.56",399,"68,752,101","341,465.95",422,"51,101,080","393,212.17",512
منطقة نجران,مارس,تجاري,"13,531,500","49,141.34",58,"11,810,000","44,959.04",60,"9,598,000","86,879.00",50,"10,090,000","124,014.24",91
منطقة نجران,مارس,زراعي,"18,554,000","750,272.89",36,"17,870,000","639,321.03",21,"660,000","447,200.00",9,"5,839,000","1,094,270.31",26
منطقة نجران,ابريل,جميع التصانيف,"47,789,467","664,225.96",325,"88,047,819","888,469.74",454,"33,720,497","94,756.93",128,"60,242,810","882,341.63",311
منطقة نجران,ابريل,سكني,"31,913,422","232,428.49",244,"68,453,819","312,929.78",386,"31,280,497","86,881.40",117,"43,123,810","189,572.46",248
منطقة نجران,ابريل,تجاري,"6,809,045","50,731.11",52,"5,594,000","108,588.48",56,"2,299,000","7,374.03",10,"7,984,000","93,239.32",47
منطقة نجران,ابريل,زراعي,"9,067,000","381,066.36",29,"14,000,000","466,951.48",12,"141,000",501.50,1,"9,135,000","599,529.85",16
منطقة نجران,مايو,جميع التصانيف,"41,825,891","612,718.63",267,"64,001,470","407,427.76",271,"25,649,846","75,550.28",100,,,
منطقة نجران,مايو,سكني,"30,613,891","167,954.37",200,"45,951,469","169,550.23",236,"23,716,846","64,747.55",90,,,
منطقة نجران,مايو,تجاري,"6,687,000","67,134.86",49,"7,417,001","25,336.64",28,"1,933,000","10,802.73",10,,,
منطقة نجران,مايو,زراعي,"4,525,000","377,629.40",18,"10,633,000","212,540.89",7,,,,,,
منطقة نجران,يونيو,جميع التصانيف,"15,276,019","364,427.86",112,"43,358,000","381,272.63",286,"109,520,599","1,117,118.84",555,,,
منطقة نجران,يونيو,سكني,"13,536,019","71,235.50",97,"36,579,000","180,709.89",243,"69,648,154","347,620.79",461,,,
منطقة نجران,يونيو,تجاري,"775,000","6,972.30",7,"5,629,000","35,462.74",40,"11,765,000","69,711.52",78,,,
منطقة نجران,يونيو,زراعي,"965,000","286,220.06",8,"1,150,000","165,100.00",3,"28,107,445","699,786.53",16,,,
منطقة نجران,يوليو,جميع التصانيف,"40,369,972","770,463.42",324,"98,473,785","1,414,776.73",537,"54,430,600","942,874.27",468,,,
منطقة نجران,يوليو,سكني,"29,774,972","184,345.02",259,"79,109,226","332,391.03",452,"44,646,600","302,657.43",390,,,
منطقة نجران,يوليو,تجاري,"6,740,000","55,246.95",40,"15,649,559","754,316.53",77,"7,742,000","107,657.99",63,,,
منطقة نجران,يوليو,زراعي,"3,855,000","530,871.45",25,"3,715,000","328,069.17",8,"2,042,000","532,558.85",15,,,
منطقة نجران,اوغسطس,جميع التصانيف,"33,428,831","610,531.06",216,"57,421,514","796,973.97",316,"47,873,380","1,085,302.06",503,,,
منطقة نجران,اوغسطس,سكني,"18,870,831","121,755.14",160,"46,025,514","216,111.32",273,"38,285,380","319,346.95",420,,,
منطقة نجران,اوغسطس,تجاري,"4,047,000","27,294.56",31,"8,603,000","178,589.65",32,"6,953,000","54,695.51",66,,,
منطقة نجران,اوغسطس,زراعي,"10,511,000","461,481.36",25,"2,793,000","402,273.00",11,"2,635,000","711,259.60",17,,,
منطقة نجران,سبتمبر,جميع التصانيف,"38,794,385","882,222.21",272,"103,310,649","1,165,861.89",595,"90,494,193","1,522,639.78",669,,,
منطقة نجران,سبتمبر,سكني,"24,455,000","140,083.25",209,"85,700,069","404,762.34",529,"63,881,692","431,661.14",542,,,
منطقة نجران,سبتمبر,تجاري,"6,019,385","87,226.90",33,"10,508,580","127,569.28",52,"12,340,501","84,878.88",103,,,
منطقة نجران,سبتمبر,زراعي,"8,320,000","654,912.06",30,"7,102,000","633,530.27",14,"14,272,000","1,006,099.76",24,,,
منطقة نجران,اكتوبر,جميع التصانيف,"59,451,352","770,770.78",340,"112,196,292","932,356.02",728,"89,247,974","1,337,974.84",550,,,
منطقة نجران,اكتوبر,سكني,"41,491,852","229,719.42",281,"88,803,792","526,010.69",626,"40,961,974","365,560.59",467,,,
منطقة نجران,اكتوبر,تجاري,"10,539,500","34,249.44",43,"17,878,500","73,556.26",90,"12,436,000","103,696.25",66,,,
منطقة نجران,اكتوبر,زراعي,"7,420,000","506,801.92",16,"5,514,000","332,789.07",12,"35,850,000","868,718.00",17,,,
منطقة نجران,نوفمبر,جميع التصانيف,"45,804,121","641,778.30",303,"110,948,139","767,540.15",553,"109,010,516","2,469,488.51",626,,,
منطقة نجران,نوفمبر,سكني,"30,072,321","198,825.14",254,"96,116,139","373,720.54",485,"44,470,902","384,854.16",512,,,
منطقة نجران,نوفمبر,تجاري,"6,846,800","25,888.16",37,"12,192,000","51,010.79",54,"6,569,666","60,441.35",76,,,
منطقة نجران,نوفمبر,زراعي,"8,885,000","417,065.00",12,"2,640,000","342,808.82",14,"57,969,948","2,024,193.00",38,,,
منطقة نجران,ديسمبر,جميع التصانيف,"60,276,612","743,670.99",374,"96,932,649","689,046.02",635,"64,371,814","1,829,103.92",501,,,
منطقة نجران,ديسمبر,سكني,"45,603,912","249,023.76",317,"78,289,165","427,275.46",564,"41,299,564","290,349.16",395,,,
منطقة نجران,ديسمبر,تجاري,"6,822,000","58,207.73",44,"8,890,000","49,688.70",65,"12,992,250","188,733.76",77,,,
منطقة نجران,ديسمبر,زراعي,"7,850,700","436,439.50",13,"9,753,484","212,081.86",6,"10,080,000","1,350,021.00",29,,,
منطقة الباحة,جميع الشهور,جميع التصانيف,"218,348,424","1,488,280.63","1,093","338,898,818","2,060,734.01","1,969","344,187,806","2,084,917.75","2,134","93,228,572","739,157.26",802
منطقة الباحة,يناير,جميع التصانيف,"21,930,698","99,405.59",112,"19,694,609","143,941.24",134,"23,962,647","155,140.05",199,"17,357,250","152,120.42",158
منطقة الباحة,يناير,سكني,"17,412,698","73,252.17",95,"18,305,609","86,726.84",116,"22,604,647","123,506.40",186,"15,344,750","105,935.01",147
منطقة الباحة,يناير,تجاري,"3,568,000","6,400.00",7,"596,000","2,709.98",5,"703,000","3,807.00",6,"910,000","1,061.60",3
منطقة الباحة,يناير,زراعي,"950,000","19,753.42",10,"793,000","54,504.42",13,"655,000","27,826.65",7,"1,102,500","45,123.81",8
منطقة الباحة,فبراير,جميع التصانيف,"16,528,877","77,392.59",62,"20,726,069","166,665.41",128,"46,475,355","276,743.21",287,"22,064,705","164,814.63",181
منطقة الباحة,فبراير,سكني,"14,477,477","45,431.24",57,"17,736,069","98,829.06",118,"44,905,355","207,826.21",269,"20,668,705","134,186.62",167
منطقة الباحة,فبراير,تجاري,"2,001,400","30,994.35",4,"1,510,000","2,019.35",3,"895,000","5,785.54",10,"811,000","4,313.64",9
منطقة الباحة,فبراير,زراعي,"50,000",967.00,1,"1,480,000","65,817.00",7,"675,000","63,131.46",8,"585,000","26,314.37",5
منطقة الباحة,مارس,جميع التصانيف,"16,365,231","71,130.17",74,"17,724,952","128,250.16",114,"18,059,880","195,626.70",143,"34,711,199","306,270.88",289
منطقة الباحة,مارس,سكني,"14,498,231","60,534.31",69,"14,794,952","93,056.91",97,"17,489,880","115,436.70",139,"30,864,199","169,031.12",263
منطقة الباحة,مارس,تجاري,"352,000","1,751.71",2,"990,000","3,689.40",5,"190,000",630.00,1,"1,142,000","9,553.83",13
منطقة الباحة,مارس,زراعي,"1,515,000","8,844.15",3,"1,940,000","31,503.85",12,"380,000","79,560.00",3,"2,705,000","127,685.93",13
منطقة الباحة,ابريل,جميع التصانيف,"20,808,924","206,062.15",104,"27,229,296","125,049.11",126,"13,347,940","30,568.27",42,"19,095,418","115,951.33",174
منطقة الباحة,ابريل,سكني,"17,674,924","76,886.29",90,"24,141,296","85,902.50",110,"13,197,940","30,034.27",41,"16,980,418","111,088.13",166
منطقة الباحة,ابريل,تجاري,"635,000","3,158.75",4,"743,000","1,820.95",4,,,,"2,015,000","3,755.63",7
منطقة الباحة,ابريل,زراعي,"2,499,000","126,017.11",10,"2,345,000","37,325.66",12,"150,000",534.00,1,"100,000","1,107.57",1
منطقة الباحة,مايو,جميع التصانيف,"15,962,831","86,323.73",72,"16,051,918","81,666.99",75,"7,850,180","14,977.54",23,,,
منطقة الباحة,مايو,سكني,"14,092,831","49,813.50",63,"14,746,918","59,751.62",63,"7,850,180","14,977.54",23,,,
منطقة الباحة,مايو,تجاري,"1,190,000","2,700.47",4,"870,000","1,684.81",3,,,,,,
منطقة الباحة,مايو,زراعي,"680,000","33,809.76",5,"435,000","20,230.56",9,,,,,,
منطقة الباحة,يونيو,جميع التصانيف,"6,660,000","23,709.77",24,"16,585,000","98,459.03",111,"46,594,880","215,278.02",249,,,
منطقة الباحة,يونيو,سكني,"5,330,000","14,524.92",18,"15,995,000","82,340.66",106,"42,899,880","151,801.48",230,,,
منطقة الباحة,يونيو,تجاري,"850,000","2,394.60",4,"430,000","2,596.83",3,"1,555,000","6,953.33",9,,,
منطقة الباحة,يونيو,زراعي,"480,000","6,790.25",2,"160,000","13,521.54",2,"2,140,000","56,523.21",10,,,
منطقة الباحة,يوليو,جميع التصانيف,"19,304,230","203,189.92",108,"37,257,638","229,678.24",190,"31,302,560","168,666.22",203,,,
منطقة الباحة,يوليو,سكني,"17,874,230","113,900.80",99,"34,522,638","150,761.00",176,"30,107,560","134,442.71",193,,,
منطقة الباحة,يوليو,تجاري,"465,000","2,474.20",4,"985,000","4,323.98",6,"270,000","1,336.46",3,,,
منطقة الباحة,يوليو,زراعي,"965,000","86,814.92",5,"1,750,000","74,593.26",8,"925,000","32,887.05",7,,,
منطقة الباحة,اوغسطس,جميع التصانيف,"17,303,966","172,526.66",93,"22,437,810","116,351.86",124,"29,198,086","212,090.42",193,,,
منطقة الباحة,اوغسطس,سكني,"14,626,966","142,102.09",83,"21,005,810","92,327.98",115,"25,108,086","135,650.58",182,,,
منطقة الباحة,اوغسطس,تجاري,,,,"437,000","1,191.00",2,"510,000","1,837.69",3,,,
منطقة الباحة,اوغسطس,زراعي,"2,677,000","30,424.57",10,"995,000","22,832.88",7,"3,580,000","74,602.15",8,,,
منطقة الباحة,سبتمبر,جميع التصانيف,"16,849,981","134,658.43",111,"32,314,967","231,839.83",190,"35,718,816","187,340.22",252,,,
منطقة الباحة,سبتمبر,سكني,"14,625,115","103,323.86",99,"29,350,967","164,474.11",176,"31,518,816","159,089.66",227,,,
منطقة الباحة,سبتمبر,تجاري,"780,000","3,157.38",4,"1,429,000","6,585.75",9,"540,000","3,256.98",4,,,
منطقة الباحة,سبتمبر,زراعي,"1,444,866","28,177.19",8,"1,535,000","60,779.97",5,"3,660,000","24,993.58",21,,,
منطقة الباحة,اكتوبر,جميع التصانيف,"27,035,023","131,120.85",114,"56,832,671","246,819.94",258,"20,566,784","182,125.69",163,,,
منطقة الباحة,اكتوبر,سكني,"26,063,023","110,392.85",104,"51,087,671","170,084.44",232,"19,921,779","106,056.89",158,,,
منطقة الباحة,اكتوبر,تجاري,"652,000","5,523.83",6,"3,990,000","10,443.48",11,"40,000","2,556.56",1,,,
منطقة الباحة,اكتوبر,زراعي,"320,000","15,204.17",4,"1,755,000","66,292.02",15,"605,005","73,512.24",4,,,
منطقة الباحة,نوفمبر,جميع التصانيف,"20,827,516","144,278.03",105,"33,066,772","272,105.95",245,"48,614,426","181,195.81",196,,,
منطقة الباحة,نوفمبر,سكني,"18,347,516","80,579.31",91,"29,987,137","184,706.25",222,"46,273,426","120,725.12",173,,,
منطقة الباحة,نوفمبر,تجاري,"315,000","2,172.56",3,"890,000","3,971.62",6,"666,000","4,437.20",7,,,
منطقة الباحة,نوفمبر,زراعي,"2,165,000","61,526.16",11,"2,189,635","83,428.08",17,"1,675,000","56,033.49",16,,,
منطقة الباحة,ديسمبر,جميع التصانيف,"18,771,147","138,482.75",114,"38,977,116","219,906.26",274,"22,496,252","265,165.62",184,,,
منطقة الباحة,ديسمبر,سكني,"16,685,547","81,028.51",98,"37,707,116","210,464.86",263,"21,473,752","123,505.19",168,,,
منطقة الباحة,ديسمبر,تجاري,"1,145,600","6,999.76",6,"350,000","2,502.00",4,"692,500","4,305.43",7,,,
منطقة الباحة,ديسمبر,زراعي,"940,000","50,454.48",10,"920,000","6,939.40",7,"330,000","137,355.00",9,,,
منطقة الجوف,جميع الشهور,جميع التصانيف,"958,535,882","32,678,168.20","3,926","1,877,583,158","78,259,407.17","9,132","1,571,343,911","68,384,056.13","7,631","335,976,606","52,252,312.68","2,624"
منطقة الجوف,يناير,جميع التصانيف,"70,740,964","344,719.78",235,"118,279,225","8,146,644.94",557,"186,809,944","4,095,840.15",852,"85,347,585","8,881,667.76",680
منطقة الجوف,يناير,سكني,"63,053,108","138,383.59",205,"95,442,078","315,218.21",480,"168,745,815","496,767.39",751,"68,980,947","365,546.16",560
منطقة الجوف,يناير,تجاري,"6,312,856","39,781.99",27,"10,658,433","36,533.16",58,"15,781,129","60,515.47",90,"8,300,561","178,698.76",85
منطقة الجوف,يناير,زراعي,"1,375,000","166,554.20",3,"12,178,714","7,794,893.57",19,"2,283,000","3,538,557.29",11,"8,066,077","8,337,422.83",35
منطقة الجوف,فبراير,جميع التصانيف,"91,915,445","864,922.09",298,"99,383,298","6,902,974.68",560,"245,210,809","8,560,528.06","1,122","85,496,874","13,147,485.23",680
منطقة الجوف,فبراير,سكني,"76,113,023","173,442.98",254,"82,885,024","315,060.81",485,"215,101,276","727,958.37",984,"64,410,689","363,012.09",543
منطقة الجوف,فبراير,تجاري,"7,187,249","24,920.71",30,"9,158,114","37,080.00",57,"24,220,533","3,075,715.79",124,"16,409,518","2,073,740.19",112
منطقة الجوف,فبراير,زراعي,"8,615,173","666,558.40",14,"7,340,160","6,550,833.87",18,"5,889,000","4,756,853.89",14,"4,676,667","10,710,732.95",25
منطقة الجوف,مارس,جميع التصانيف,"117,585,643","1,316,854.22",425,"114,163,028","5,233,021.97",688,"137,937,802","2,887,978.21",516,"110,770,573","14,196,642.18",818
منطقة الجوف,مارس,سكني,"96,374,918","238,798.92",352,"96,260,513","628,755.77",607,"118,202,103","298,310.75",452,"83,151,796","427,571.79",645
منطقة الجوف,مارس,تجاري,"15,147,287","116,553.94",54,"12,240,070","135,030.17",66,"17,896,269","1,226,134.97",56,"16,798,777","83,037.96",125
منطقة الجوف,مارس,زراعي,"6,063,438","961,501.36",19,"5,662,445","4,469,236.03",15,"1,839,430","1,363,532.49",8,"10,820,000","13,686,032.43",48
منطقة الجوف,ابريل,جميع التصانيف,"99,046,799","1,369,838.42",376,"173,768,516","2,757,075.50",992,"140,078,811","210,671.53",320,"54,361,574","16,026,517.51",446
منطقة الجوف,ابريل,سكني,"83,503,510","266,563.01",324,"140,666,889","593,289.89",890,"130,125,665","192,616.89",294,"37,777,599","263,518.12",339
منطقة الجوف,ابريل,تجاري,"7,658,611","79,117.55",37,"13,517,241","48,510.51",80,"9,953,146","18,054.64",26,"7,262,275","40,648.87",62
منطقة الجوف,ابريل,زراعي,"7,884,678","1,024,157.86",15,"19,584,386","2,115,275.10",22,,,,"9,321,700","15,722,350.52",45
منطقة الجوف,مايو,جميع التصانيف,"78,177,702","665,039.30",250,"131,831,707","8,499,664.89",736,"82,060,940","123,715.78",188,,,
منطقة الجوف,مايو,سكني,"60,439,180","143,443.16",213,"116,918,622","497,706.90",657,"76,837,315","114,467.20",175,,,
منطقة الجوف,مايو,تجاري,"15,214,522","20,768.72",29,"7,175,085","34,968.53",54,"5,223,625","9,248.58",13,,,
منطقة الجوف,مايو,زراعي,"2,524,000","500,827.42",8,"7,738,000","7,966,989.46",25,,,,,,
منطقة الجوف,يونيو,جميع التصانيف,"43,892,152","249,070.45",169,"70,878,336","7,605,054.73",396,"196,979,880","7,741,694.01",882,,,
منطقة الجوف,يونيو,سكني,"38,068,860","90,170.62",143,"62,224,752","290,273.50",335,"142,013,945","502,643.30",730,,,
منطقة الجوف,يونيو,تجاري,"5,238,292","64,302.78",22,"7,721,584","34,506.39",51,"41,613,853","3,998,432.29",134,,,
منطقة الجوف,يونيو,زراعي,"585,000","94,597.05",4,"932,000","7,280,274.84",10,"13,352,082","3,240,618.43",18,,,
منطقة الجوف,يوليو,جميع التصانيف,"61,351,712","718,485.61",299,"204,366,867","8,231,661.44",920,"101,984,179","3,337,039.29",601,,,
منطقة الجوف,يوليو,سكني,"51,930,159","160,830.76",252,"181,846,558","523,314.96",805,"79,933,021","330,967.14",492,,,
منطقة الجوف,يوليو,تجاري,"5,852,667","21,471.33",33,"18,595,309","67,415.11",99,"9,314,542","1,101,513.88",77,,,
منطقة الجوف,يوليو,زراعي,"3,568,886","536,183.52",14,"3,925,000","7,640,931.37",16,"12,736,616","1,904,558.27",32,,,
منطقة الجوف,اوغسطس,جميع التصانيف,"49,082,589","3,299,696.43",249,"189,255,130","4,317,763.01",695,"91,828,967","1,855,975.05",542,,,
منطقة الجوف,اوغسطس,سكني,"43,480,588","146,088.24",223,"164,255,508","456,072.53",612,"69,430,174","426,517.39",445,,,
منطقة الجوف,اوغسطس,تجاري,"4,737,001","12,297.21",20,"11,516,956","139,582.48",63,"12,922,793","55,779.71",77,,,
منطقة الجوف,اوغسطس,زراعي,"865,000","3,141,310.98",6,"13,482,666","3,722,108.00",20,"9,476,000","1,373,677.95",20,,,
منطقة الجوف,سبتمبر,جميع التصانيف,"65,325,368","3,239,567.71",314,"216,094,070","4,170,793.42",990,"98,928,559","12,741,181.51",671,,,
منطقة الجوف,سبتمبر,سكني,"56,258,883","292,994.66",259,"192,122,199","590,762.71",882,"74,624,273","355,360.36",533,,,
منطقة الجوف,سبتمبر,تجاري,"5,089,557","133,072.52",38,"15,764,765","158,829.63",84,"11,588,449","1,219,909.99",80,,,
منطقة الجوف,سبتمبر,زراعي,"3,976,928","2,813,500.53",17,"8,207,106","3,421,201.08",24,"12,715,837","11,165,911.16",58,,,
منطقة الجوف,اكتوبر,جميع التصانيف,"90,606,299","5,472,634.91",436,"232,444,835","6,478,634.56","1,050","114,637,495","10,449,882.78",615,,,
منطقة الجوف,اكتوبر,سكني,"76,312,821","241,475.11",364,"208,394,369","632,965.63",937,"60,641,133","330,140.39",494,,,
منطقة الجوف,اكتوبر,تجاري,"5,937,378","79,348.55",46,"18,979,466","388,472.24",93,"43,442,013","3,385,388.06",83,,,
منطقة الجوف,اكتوبر,زراعي,"8,356,100","5,151,811.25",26,"5,071,000","5,457,196.69",20,"10,554,349","6,734,354.33",38,,,
منطقة الجوف,نوفمبر,جميع التصانيف,"91,563,440","13,610,134.79",358,"166,036,760","8,227,362.18",755,"94,372,057","6,527,295.93",692,,,
منطقة الجوف,نوفمبر,سكني,"68,669,497","199,578.71",300,"150,553,354","426,384.41",659,"73,338,958","369,653.28",556,,,
منطقة الجوف,نوفمبر,تجاري,"14,079,443","77,356.69",40,"13,355,406","1,141,474.51",81,"12,907,519","1,340,158.49",95,,,
منطقة الجوف,نوفمبر,زراعي,"8,814,500","13,333,199.39",18,"2,128,000","6,659,503.26",15,"8,125,580","4,817,484.15",41,,,
منطقة الجوف,ديسمبر,جميع التصانيف,"99,247,769","1,527,204.50",517,"161,081,386","7,688,755.85",793,"80,514,468","9,852,253.83",630,,,
منطقة الجوف,ديسمبر,سكني,"87,318,970","287,517.60",449,"141,575,315","457,203.86",700,"63,038,929","340,847.49",510,,,
منطقة الجوف,ديسمبر,تجاري,"8,668,799","32,694.19",49,"15,341,071","260,475.65",73,"9,862,785","2,214,692.95",81,,,
منطقة الجوف,ديسمبر,زراعي,"3,260,000","1,206,992.71",19,"4,165,000","6,971,076.34",20,"7,612,754","7,296,713.39",39,,,
